symbol,side,entry_time,exit_time,entry_idx,exit_idx,entry_price,exit_price,pnl_pct,net_pnl_pct,pnl_portfolio_pct,exit_reason,mfe_atr,mae_atr,bars_held,rsi_14,adx_1h,adx_prev_1h,vol_ratio,atr,ema20,ema50,ema200,btc_adx,btc_ema20,btc_ema50,btc_ema200,btc_regime_pass,confirmation_type,had_pullback,close_position,execution_model,balance_before_entry,balance_before_exit,balance_after_exit,forward_return_4bars,forward_return_8bars
ETHUSDT,long,2021-01-08 07:00:00,2021-01-10 08:00:00,175,224,1209.09,1332.83,10.234143033190252,10.094143033190251,0.9552266731827787,TIME_STOP,2.5785791105206575,1.2821155184411945,49,52.423059858452,30.82724847426918,30.54733805710356,0.6855283330808603,56.45357142857144,1195.064485560842,1175.5073415538925,1005.1066348031144,27.22209324622785,38463.31269036472,37214.5578920933,33616.827219310224,True,rsi_rebound,True,0.8677808334912676,enter_on_signal_bar_close,100.0,99.93,100.95522667318278,4.161807640456886,0.6972185693372754
AVAXUSDT,long,2021-01-15 08:00:00,2021-01-15 16:00:00,344,352,9.5864,8.810614285714285,-8.092565658492386,-8.232565658492387,-1.1392509999999874,STOP_LOSS,0.8463677377773702,2.6401620476935808,8,62.84433355886006,36.87988611779104,36.30148727293284,1.0496452537957357,0.387892857142857,9.106227756564849,8.642007618717455,7.028478486316769,26.589945524354007,38601.74638311783,37759.8787380824,36492.7141916931,True,rsi_rebound,True,0.7110613082902802,enter_on_signal_bar_close,100.0,99.93,98.86074900000001,-1.3185345906701005,-3.8523324710005746
BCHUSDT,long,2021-02-03 15:00:00,2021-02-04 03:00:00,807,819,441.32,441.32,0.0,-0.13999999999999999,-0.13995099999998217,BREAK_EVEN_SL,1.978589538923845,0.8952953328951082,12,60.59899260225764,47.69568495468975,47.51007031994354,1.1528555152032638,7.606428571428568,434.6966546267872,427.5294644516103,420.80649898331023,39.32085620994262,36094.26733083474,35344.54650286067,34128.56389084067,True,rsi_rebound,True,0.7027600848510863,enter_on_signal_bar_close,100.0,99.93,99.86004900000002,0.24472038430163692,1.2439952868666748
FTMUSDT,long,2021-02-04 07:00:00,2021-02-04 08:00:00,823,824,0.143371,0.143371,0.0,-0.13999999999999999,-0.13995099999998217,BREAK_EVEN_SL,1.5833712764049521,0.844323026615349,1,65.25122410800458,34.62411129709318,32.951164945330966,2.917337494038613,0.0051769285714285,0.1356708821131438,0.1309307347606539,0.1120963071040011,38.58311902724287,37364.57891284878,36416.069175079865,34637.379238575326,True,rsi_rebound,True,0.4036055323952494,enter_on_signal_bar_close,100.0,99.93,99.86004900000002,-6.796353516401505,-7.094879717655584
NEARUSDT,long,2021-02-09 08:00:00,2021-02-09 12:00:00,944,948,3.4182,3.276871428571429,-4.134590469503576,-4.2745904695035755,-1.1392509999999874,STOP_LOSS,0.2688769837258624,2.448195693924999,4,56.75462106578991,38.30545878256672,38.07859975441042,0.8401729107859833,0.0706642857142857,3.3635465588517177,3.2428795286971623,2.826575822255731,55.66826854998568,45249.3728026778,42677.42126760363,38726.21527619448,True,rsi_rebound,True,0.9210526194598369,enter_on_signal_bar_close,100.0,99.93,98.86074900000001,-4.698379263940088,-4.341466268796445
BCHUSDT,long,2021-02-09 16:00:00,2021-02-10 04:00:00,952,964,507.39,507.39,0.0,-0.13999999999999999,-0.1399509999999775,BREAK_EVEN_SL,2.011679729522057,0.3793863019312507,12,63.88562694353443,41.152650129817175,40.53832925368096,2.6602579115011595,13.943571428571436,487.6777155925637,475.73630595395394,451.5744030720893,41.64309417584914,45876.49602423491,43685.7419081831,39312.01546109866,True,vol_and_rsi,True,0.7093525179600939,enter_on_signal_bar_close,99.86004900000002,99.79014696570003,99.72029386282405,-0.10839787934330818,1.4190267841305595
TRXUSDT,long,2021-02-21 08:00:00,2021-02-21 21:00:00,1232,1245,0.05941,0.05941,0.0,-0.13999999999999999,-0.13995099999998217,BREAK_EVEN_SL,1.5612298071913453,0.5544554455445868,13,49.917015616214044,30.88797573922354,30.750556509816786,0.8775521447591403,0.0013707142857142,0.0592876326412283,0.0591699361144124,0.0551201033500323,26.31022738884349,56367.61970134032,55436.31852165315,51399.28585779987,True,rsi_rebound,True,0.9999990909099175,enter_on_signal_bar_close,100.0,99.93,99.86004900000002,0.65645514223195,1.9525332435616924
AVAXUSDT,long,2021-03-14 09:00:00,2021-03-14 11:00:00,1737,1739,32.0666,30.239157142857145,-5.698898096907236,-5.8388980969072355,-1.13925099999999,STOP_LOSS,0.16263162420556648,2.042854574307584,2,62.83867516143707,32.59022287883824,31.928237624584412,1.1341064498664715,0.913721428571428,30.71335119275118,30.21615588421379,29.128033816910065,37.5685515106284,60579.77142040549,59229.65237981823,55284.98478612813,True,rsi_rebound,True,0.8078974862190524,enter_on_signal_bar_close,98.86074900000001,98.79154647570002,97.73447692841003,-5.059781829068259,-6.065189324717933
XRPUSDT,long,2021-03-18 10:00:00,2021-03-18 12:00:00,1834,1836,0.4758,0.4758,0.0,-0.13999999999999999,-0.13995099999998217,BREAK_EVEN_SL,2.7272727272727297,0.9421487603305757,2,57.25750914362517,38.474315948178585,38.41663633264119,0.7283508038568411,0.00605,0.4713594243629129,0.4668357560617696,0.4593709666593967,29.114148408647885,58019.73048341801,57257.03229091405,56368.56271968678,True,rsi_rebound,True,0.9322032318299589,enter_on_signal_bar_close,100.0,99.93,99.86004900000002,-0.10508617065994123,0.5464480874316922
DOGEUSDT,long,2021-04-10 23:00:00,2021-04-11 00:00:00,2399,2400,0.06379,0.0667458571428571,4.633731216267608,4.493731216267609,1.3589990000000114,TAKE_PROFIT,4.449470784399077,0.25271857329273884,1,56.996077831261545,34.91442338403959,34.91221986615971,0.5961143381458686,0.0009852857142857,0.0633166291117372,0.0625856105473395,0.0603372726501924,28.64529415247056,59748.32990621561,59203.77692663575,58303.69296323096,True,rsi_rebound,True,0.5874553114352394,enter_on_signal_bar_close,100.0,99.93,101.35899900000001,3.7325599623765386,3.6432042639912314
BCHUSDT,long,2021-08-08 00:00:00,2021-08-08 14:00:00,5256,5270,585.36,565.1657142857143,-3.4498916417735552,-3.5898916417735554,-1.1392509999999842,STOP_LOSS,0.16935483870968082,2.3977079796264866,14,61.639703884242216,43.57698178249263,43.268157317728445,1.8031852866671503,10.097142857142869,575.8911681317599,565.5017452808808,542.9600837686212,39.81743223687085,43640.99005517731,42606.33926070285,40433.20198114655,True,volume_candle,True,0.6047658175345335,enter_on_signal_bar_close,99.72029386282405,99.65048965712008,98.5842294177889,-2.219147191471916,-1.5272652726527358
TRXUSDT,long,2021-10-02 13:00:00,2021-10-02 23:00:00,6589,6599,0.09426,0.09426,0.0,-0.13999999999999999,-0.1399509999999775,BREAK_EVEN_SL,1.9706390328153425,1.3782383419690096,10,62.35057021390536,30.175930677245173,30.034093840021864,2.330564933474394,0.0008271428571428,0.0931523128361177,0.0917232084601739,0.0908461848527714,39.30935155225147,47472.42964608072,46232.1952258552,44263.71151874239,True,rsi_rebound,True,0.5714282003712934,enter_on_signal_bar_close,99.86004900000002,99.79014696570003,99.72029386282405,1.3791640144281876,1.1139401654996917
ETHUSDT,long,2022-02-02 12:00:00,2022-02-02 14:00:00,9540,9542,2799.65,2743.2342857142858,-2.015098826128778,-2.155098826128778,-1.1392509999999878,STOP_LOSS,0.11238003595756244,4.138917728089941,2,61.86580062353,34.221674520235425,33.909207892835525,2.3611148188744173,28.207857142857165,2764.644954621939,2724.318474738629,2633.8082612842254,26.7739748882889,38494.28573983289,38331.772017126845,37877.91774242767,True,vol_and_rsi,True,0.7782301264028686,enter_on_signal_bar_close,100.95522667318278,100.88455801451155,99.80509324375629,-4.7127319486364385,-2.656760666511889
LINKUSDT,long,2022-02-06 01:00:00,2022-02-06 14:00:00,9625,9638,18.082,17.57857142857143,-2.7841420828922216,-2.9241420828922218,-1.1392509999999874,STOP_LOSS,0.33768444948921944,2.995459704880816,13,64.39279777938208,37.88795637013896,37.689436730280974,0.8789916551051262,0.2517142857142863,17.791215868103503,17.39031520032117,16.915341712113392,43.336170051155584,41356.80377183152,40397.70673938246,38692.15906939456,True,rsi_rebound,True,0.8371212089503007,enter_on_signal_bar_close,100.0,99.93,98.86074900000001,-1.1226634221878078,-0.8959185930759818
DOGEUSDT,long,2022-03-02 10:00:00,2022-03-02 13:00:00,10210,10213,0.13503,0.1314185714285716,-2.67453793336918,-2.8145379333691802,-1.139250999999981,STOP_LOSS,0.3101265822784831,2.4920886075950572,3,59.23620835129397,32.47817463488477,31.621038288228217,2.937259377076351,0.0018057142857142,0.133516500523783,0.1316804427747996,0.130068372323318,36.95551623164712,43885.400949742936,42802.119072498645,40423.67298816561,True,rsi_rebound,True,0.4650601289011757,enter_on_signal_bar_close,101.35899900000001,101.28804770070002,100.20426559030254,-0.814633785084809,-2.1846996963637766
ADAUSDT,long,2022-07-18 23:00:00,2022-07-19 20:00:00,13535,13556,0.49,0.5184142857142855,5.798833819241939,5.65883381924194,1.3589990000000114,TAKE_PROFIT,3.2730015082956534,1.7948717948718098,21,64.45579823174536,37.061848989835056,37.00351861139162,1.3351642495537168,0.0094714285714285,0.4776752336988978,0.4666292997944757,0.4524286838939579,26.097922473122456,21871.20612102226,21572.598868273064,20916.576394315285,True,vol_and_rsi,True,0.6571428102040834,enter_on_signal_bar_close,100.0,99.93,101.35899900000001,-2.734693877551014,-2.265306122448979
DOGEUSDT,long,2022-07-18 23:00:00,2022-07-20 04:00:00,13535,13564,0.06753,0.07113428571428551,5.337310401725906,5.197310401725907,1.3589990000000247,TAKE_PROFIT,3.287752675386636,1.8228299643282986,29,62.18405915057474,38.98837287558648,38.526838119615896,0.9083987913648065,0.0012014285714285,0.0662571201446093,0.0652758363404279,0.064293137724453,26.097922473122456,21871.20612102226,21572.598868273064,20916.576394315285,True,rsi_rebound,True,0.7197447644937836,enter_on_signal_bar_close,100.20426559030254,100.13412260438933,101.56604055763212,-2.0731526728861427,-2.354509107063539
FTMUSDT,long,2022-10-27 04:00:00,2022-10-27 07:00:00,15820,15823,0.2221,0.2221,0.0,-0.13999999999999999,-0.1399509999999775,BREAK_EVEN_SL,2.5912596401028587,0.17994858611825396,3,66.16530452089512,35.58927807910999,35.18097514056054,0.9368997986872227,0.0027785714285714,0.2183809636582647,0.214764367133846,0.2087769820112545,43.33080758929887,20645.80619290807,20294.43209596008,19648.1777217926,True,rsi_rebound,True,0.7499997656250733,enter_on_signal_bar_close,99.86004900000002,99.79014696570003,99.72029386282405,0.540297163439895,0.9905447996398054
ADAUSDT,long,2022-10-27 12:00:00,2022-10-27 20:00:00,15948,15956,0.4084,0.396257142857143,-2.973275500209846,-3.1132755002098462,-1.139250999999981,STOP_LOSS,0.032941176470594136,3.4917647058823933,8,56.56409186654744,33.26960257060564,32.967692242008866,2.0819749263694733,0.0060714285714285,0.4052279509828112,0.397382292608177,0.3755401529710774,30.247622230211565,20655.058009236607,20396.66139709018,19726.783048454006,True,vol_and_rsi,True,0.8842104332410076,enter_on_signal_bar_close,101.35899900000001,101.28804770070002,100.20426559030254,-2.375122428991182,-3.8687561214495547
XRPUSDT,long,2022-11-05 18:00:00,2022-11-05 23:00:00,16050,16055,0.5024,0.49231428571428576,-2.007506824385788,-2.147506824385788,-1.1392509999999862,STOP_LOSS,0.03966005665724178,2.776203966005681,5,63.79384115357387,33.25121043208215,32.51537843196027,2.6476917142573706,0.0050428571428571,0.4963280880726533,0.4871651191036884,0.4708662973718266,38.65837777134527,21246.414065429024,20991.42831053837,20570.837060325102,True,rsi_rebound,True,0.4214875684720986,enter_on_signal_bar_close,99.86004900000002,99.79014696570003,98.72239239316704,-0.9554140127388477,-2.8463375796178307
FTMUSDT,long,2022-12-14 18:00:00,2022-12-14 19:00:00,16986,16987,0.2507,0.24405714285714297,-2.6497236309760694,-2.7897236309760696,-1.1392509999999842,STOP_LOSS,0.8430107526881976,3.4623655913979188,1,58.6198539511962,33.40077609769624,32.988820098504675,2.05049586502441,0.0033214285714285,0.2487030387920352,0.2445059850009885,0.239169359526126,48.39571911566041,17902.513348825352,17657.344223919183,17261.293661237105,True,rsi_rebound,True,0.49206341395818476,enter_on_signal_bar_close,99.72029386282405,99.65048965712008,98.5842294177889,-4.028719585161536,-4.9062624650977185
NEARUSDT,long,2023-01-07 19:00:00,2023-01-08 00:00:00,17563,17568,1.574,1.5488571428571432,-1.597386095480109,-1.7373860954801088,-1.13925099999999,STOP_LOSS,0.3977272727272665,4.931818181818214,5,61.008974101244974,32.36656304672606,31.52628907612409,1.1280941597925103,0.0125714285714285,1.556269372421243,1.5427999144737323,1.4462375845850632,34.66307321854136,16916.74150539573,16880.32100125946,16778.435236051493,True,rsi_rebound,True,0.8260869206049174,enter_on_signal_bar_close,98.86074900000001,98.79154647570002,97.73447692841003,-0.9529860228716723,-1.84243964421856
ETHUSDT,long,2023-01-08 20:00:00,2023-01-08 23:00:00,17708,17711,1269.89,1284.4850000000001,1.149312145146432,1.0093121451464322,1.3589990000000114,TAKE_PROFIT,5.366906474820095,0.4665981500514281,3,59.78859709687206,30.634706198662908,27.437993452250417,1.7447034496039797,4.865000000000025,1264.566437026334,1262.1757474638705,1242.3940422085068,26.5782577224866,16933.731333493626,16914.558564422943,16812.86565065696,True,vol_and_rsi,True,0.8056580564814805,enter_on_signal_bar_close,99.80509324375629,99.73522967848567,101.16144346288802,1.94741276803501,3.1585412909779507
DOTUSDT,long,2023-01-13 15:00:00,2023-01-14 00:00:00,17823,17832,5.285,5.439714285714286,2.9274226246790205,2.7874226246790204,1.3589990000000114,TAKE_PROFIT,6.476454293628798,1.2797783933517966,9,62.16529403090397,37.70211640132573,37.60464059416517,2.2755396593251946,0.0515714285714286,5.208424057751985,5.1350360532439705,4.894825815287442,46.33423923818234,18830.420144225936,18445.96571391673,17592.064864146883,True,vol_and_rsi,True,0.8539325746749167,enter_on_signal_bar_close,100.0,99.93,101.35899900000001,-0.24597918637653546,2.100283822138122
AVAXUSDT,long,2023-01-13 20:00:00,2023-01-13 22:00:00,17828,17830,15.902,15.902,0.0,-0.13999999999999999,-0.1399509999999969,BREAK_EVEN_SL,2.328329759351922,0.8039075530140554,2,61.52842420582286,31.05796757674093,30.44178665340088,1.3013271929017265,0.2997857142857147,15.528400814477829,15.073890141705268,13.377939224550026,52.33978826025765,19019.54853866192,18601.056548367505,17675.204584780164,True,vol_and_rsi,True,0.8734939732726039,enter_on_signal_bar_close,97.73447692841003,97.66606279456015,97.59769655060396,1.8739781159602569,5.4395673500188675
LTCUSDT,long,2023-01-21 16:00:00,2023-01-21 23:00:00,17896,17903,90.27,87.77,-2.7694693696687716,-2.9094693696687717,-1.1392509999999874,STOP_LOSS,0.439999999999997,2.143999999999991,7,64.46164973429676,57.77200350557957,57.021530652968295,1.6589724420202645,1.250000000000002,88.9926279822047,87.48618991586987,85.56026763535274,62.36684551291378,22630.666850654183,22023.75435140252,20826.035708627704,True,vol_and_rsi,True,0.6842105260387805,enter_on_signal_bar_close,100.0,99.93,98.86074900000001,0.05538938739337229,-2.1934197407776557
OPUSDT,long,2023-01-22 04:00:00,2023-01-22 05:00:00,5630,5631,2.3744,2.3744,0.0,-0.13999999999999999,-0.13995099999998217,BREAK_EVEN_SL,1.8737476899134315,0.6332068864896407,1,63.40493526464968,35.158636579303334,35.05016741309009,1.3552393390678634,0.0734357142857143,2.266191993843768,2.140831371426352,1.828936703484986,43.62083536085067,22822.860722197285,22372.48862315478,21066.925722785123,True,vol_and_rsi,True,0.7957104514975311,enter_on_signal_bar_close,100.0,99.93,99.86004900000002,-2.307951482479792,-2.1479110512129447
TRXUSDT,long,2023-01-29 17:00:00,2023-01-30 09:00:00,18089,18105,0.06342,0.0624714285714286,-1.4956976167950216,-1.6356976167950215,-1.1392509999999842,STOP_LOSS,1.39156626506027,4.027108433735065,16,53.66621678581219,34.19483628470891,33.079658011132,3.300376864836227,0.0004742857142857,0.0633137263055475,0.0630367995395865,0.0621299032018204,48.025690754012246,23350.564376466253,23190.22267277617,22703.381098152106,True,rsi_rebound,True,0.35398198762655997,enter_on_signal_bar_close,99.72029386282405,99.65048965712008,98.5842294177889,0.6937874487543297,0.22075055187638165
SOLUSDT,long,2023-04-14 00:00:00,2023-04-14 01:00:00,19872,19873,24.719,24.719,0.0,-0.13999999999999999,-0.13995099999998217,BREAK_EVEN_SL,1.6224643125469531,0.2498121712997814,1,60.06332680352632,42.70838156719806,42.47608336346249,1.5625645321927146,0.3802857142857136,24.43711737191191,23.87165238904115,22.12909692973111,34.72014086883214,30291.94423140291,30087.09244359594,29167.72337449343,True,vol_and_rsi,True,0.6577946759723781,enter_on_signal_bar_close,100.0,99.93,99.86004900000002,1.828552934989272,1.0032768315870284
XRPUSDT,long,2023-05-29 17:00:00,2023-05-29 19:00:00,20969,20971,0.4845,0.4845,0.0,-0.13999999999999999,-0.1399509999999897,BREAK_EVEN_SL,2.9006342494714925,1.5983086680761116,2,66.79603545443396,33.447510250699914,33.26729974398662,2.6015835428869423,0.0033785714285714,0.4798829827941764,0.4764133183975229,0.4655897092689687,38.19149743967073,27763.83290573473,27500.35104703281,27042.729311931347,True,vol_and_rsi,True,0.6626505225722245,enter_on_signal_bar_close,98.72239239316704,98.65328671849183,98.58422941778889,0.9494324045407623,1.279669762641907
APTUSDT,long,2023-06-21 14:00:00,2023-06-21 16:00:00,5892,5894,7.287,7.287,0.0,-0.13999999999999999,-0.13995099999998217,BREAK_EVEN_SL,2.8253557567917214,0.3984476067270336,2,59.503979953089676,30.025300484013027,29.62824337107404,1.3732262466626892,0.1104285714285715,7.158234855376733,7.043035303277165,6.814657603919623,69.28126514013327,28637.28176087034,27879.81692247852,26769.576490759435,True,vol_and_rsi,True,0.9329268235797137,enter_on_signal_bar_close,100.0,99.93,99.86004900000002,3.032798133662688,2.7995059695347844
SOLUSDT,long,2023-06-21 17:00:00,2023-06-22 00:00:00,21521,21528,16.986,17.689714285714288,4.142907604581935,4.002907604581935,1.3589990000000285,TAKE_PROFIT,3.031059683313021,0.13641900121802666,7,64.0237588854924,40.69000691380528,40.39581815129849,1.409207909484728,0.234571428571429,16.721485086054916,16.392570742172374,16.000268965784496,73.47615323307586,28999.301068762517,28122.81747376707,26865.82290437645,True,volume_candle,True,0.6112956790322398,enter_on_signal_bar_close,99.86004900000002,99.79014696570003,101.21714606730956,0.0529848110208427,3.3792535028847173
BCHUSDT,long,2023-06-23 01:00:00,2023-06-23 12:00:00,21673,21684,137.88,145.31142857142856,5.389779932860871,5.249779932860871,1.3589990000000198,TAKE_PROFIT,3.399077277970017,0.46424452133794913,11,60.2449043553688,30.312487296127895,29.643287553404843,2.135418006419235,2.4771428571428578,134.89383436347055,130.50645095490137,116.8420310080673,26.118406985540343,29990.8288640392,29522.61838431896,27744.936922596204,True,rsi_rebound,True,0.40155038753464284,enter_on_signal_bar_close,98.5842294177889,98.51522045719646,99.92398810973438,3.0751378009863717,4.163040324920227
OPUSDT,long,2023-09-14 00:00:00,2023-09-14 04:00:00,11266,11270,1.3799,1.3477428571428574,-2.3303966125909525,-2.4703966125909527,-1.1392509999999862,STOP_LOSS,0.031097290093302504,2.0151043980453283,4,62.855296033261254,33.32849007322342,33.15952160897199,1.404779741578417,0.0160785714285713,1.3571062317953158,1.3389242316172218,1.322250329142785,38.63072123266627,26158.95172174878,26004.31520701775,25892.94385374445,True,vol_and_rsi,True,0.9798270611000806,enter_on_signal_bar_close,99.86004900000002,99.79014696570003,98.72239239316704,-2.1233422711790624,-2.5219218783969812
LINKUSDT,long,2023-10-16 22:00:00,2023-10-17 12:00:00,24454,24468,7.57,7.384714285714286,-2.4476316286091744,-2.5876316286091745,-1.13925099999999,STOP_LOSS,0.043176561295292105,2.234387047031611,14,60.919016020656365,48.65163618623369,47.99109279763249,0.5765799208687701,0.0926428571428571,7.495649714508307,7.4393197055400595,7.389159759678779,74.95918693987862,28012.03834541808,27561.74388243138,27255.100156111832,True,rsi_rebound,True,0.9999999864864867,enter_on_signal_bar_close,98.86074900000001,98.79154647570002,97.73447692841003,-0.9907529722589191,-1.585204755614268
BNBUSDT,long,2023-10-22 05:00:00,2023-10-22 07:00:00,24581,24583,216.08,213.89142857142858,-1.0128523827153997,-1.1528523827153996,-1.1392509999999874,STOP_LOSS,0.7310704960835341,2.16579634464752,2,63.52695656117182,30.1711175250652,28.90927031670576,1.403257553885558,1.094285714285716,214.4711432718328,213.5727561966987,211.65794613587653,39.36999885405311,29903.3947239013,29634.54604230193,28621.811191573448,True,volume_candle,True,0.6375838921895486,enter_on_signal_bar_close,100.0,99.93,98.86074900000001,-0.8654202147352854,-0.49981488337653296
FTMUSDT,long,2023-10-24 09:00:00,2023-10-24 15:00:00,24513,24519,0.2358,0.222557142857143,-5.616139585605174,-5.756139585605173,-1.1392509999999845,STOP_LOSS,0.6040992448759509,3.0204962243797544,6,63.61944773936227,36.76974013821504,36.28075673697187,0.5362033654708871,0.0066214285714285,0.2280449226497179,0.2193348877423213,0.1984095777346947,59.48091508230556,33083.768141744666,31773.51675822669,29755.311150754394,True,rsi_rebound,True,0.8437498681640834,enter_on_signal_bar_close,98.5842294177889,98.51522045719646,97.46110759830447,-0.8057675996607349,-5.810008481764214
NEARUSDT,long,2023-11-02 16:00:00,2023-11-03 00:00:00,24736,24744,1.517,1.517,0.0,-0.13999999999999999,-0.1399509999999969,BREAK_EVEN_SL,1.7500000000000082,1.24519230769231,8,64.14486652688956,43.66362812729483,43.06382121841102,2.058615385499514,0.0297142857142856,1.47727873822657,1.4312140516437013,1.2921138858736227,35.15559878073064,35073.49496193625,34896.58083056233,34023.92087243962,True,vol_and_rsi,True,0.7241379185493452,enter_on_signal_bar_close,97.73447692841003,97.66606279456015,97.59769655060396,2.109426499670404,-1.845748187211589
LTCUSDT,long,2023-11-05 17:00:00,2023-11-06 01:00:00,24809,24817,71.62,71.62,0.0,-0.13999999999999999,-0.1399509999999955,BREAK_EVEN_SL,1.6764705882353006,1.0735294117647154,8,61.92238827682054,30.72363046775391,30.06324473233043,1.3934090167695965,0.6799999999999977,70.79706141015903,70.2068878842186,69.09850652248672,26.10787256766184,34997.17017550559,34902.09377411995,34428.738213697434,True,vol_and_rsi,True,0.7043478254744873,enter_on_signal_bar_close,98.86074900000001,98.79154647570002,98.72239239316703,0.15358838313320222,0.20943870427253766
BNBUSDT,long,2023-11-21 15:00:00,2023-11-21 17:00:00,25311,25313,264.72,254.85428571428574,-3.726848853775419,-3.8668488537754193,-1.13925099999999,STOP_LOSS,0.4419345496669455,5.755285259194898,2,61.058465344280336,35.87585714146669,34.89624408093902,7.903092189749493,4.9328571428571495,258.38151556983564,254.01712333306472,248.45844086329137,34.311500698738115,37225.99090458781,37160.49177155426,36758.051290740215,True,vol_and_rsi,True,0.6918767506725946,enter_on_signal_bar_close,98.86074900000001,98.79154647570002,97.73447692841003,-9.20595346025991,-14.755213055303726
NEARUSDT,long,2023-11-25 01:00:00,2023-11-26 16:00:00,25273,25312,1.878,1.811,-3.5676251331203384,-3.7076251331203385,-1.1392509999999827,STOP_LOSS,1.1044776119403028,2.835820895522387,39,61.518247679032,30.403987296279468,29.775794831763523,0.842998302966916,0.0335,1.8360616538876733,1.829195531548,1.817474066750892,34.85670298665653,37690.59064231702,37490.42132683431,37046.35126965662,True,rsi_rebound,True,0.9636363461157027,enter_on_signal_bar_close,97.59769655060396,97.52937816301854,96.48581381667425,-1.1714589989350266,-1.5441959531416356
SUIUSDT,long,2023-12-02 17:00:00,2023-12-02 22:00:00,5113,5118,0.623,0.623,0.0,-0.13999999999999999,-0.13995099999998217,BREAK_EVEN_SL,1.7244258872651512,0.6137787056367443,5,57.986742016122,31.39713760381521,31.11022700894217,1.1524674512704935,0.0068428571428571,0.6170555472613639,0.6127963828152333,0.6047512374791341,33.30596545891408,38708.3391042526,38478.856258871405,37866.12612867839,True,rsi_rebound,True,0.7835050738654582,enter_on_signal_bar_close,100.0,99.93,99.86004900000002,0.9309791332263286,0.20866773675761924
BCHUSDT,long,2023-12-02 19:00:00,2023-12-03 00:00:00,25579,25584,227.72,231.27714285714285,1.5620687059295846,1.4220687059295847,1.3589990000000174,TAKE_PROFIT,4.731325301204833,0.7927710843373478,5,65.35810040331077,36.77364295905839,35.96064113827785,4.328642335486704,1.1857142857142853,226.0490184913756,225.06812006321428,224.8059784273991,37.08643413462528,38788.5143234358,38529.84016822386,37891.30519595537,True,vol_and_rsi,True,0.6709401706534405,enter_on_signal_bar_close,99.92398810973438,99.85404131805757,101.28195410890581,0.2546987528543881,1.0495345160723761
BCHUSDT,long,2024-02-28 07:00:00,2024-02-28 08:00:00,27679,27680,300.37,300.37,0.0,-0.13999999999999999,-0.13995099999998833,BREAK_EVEN_SL,1.7781021897810199,0.2784671532846802,1,61.65376497687457,40.538068435003375,40.24123581832857,1.7339506612964197,3.914285714285707,294.7782278987095,288.6387279312776,274.766320117505,58.442053011631,56927.61971832438,55605.31284005895,52966.6339575213,True,vol_and_rsi,True,0.7840095464458219,enter_on_signal_bar_close,101.28195410890581,101.21105674102958,101.14020900131086,0.5526517295335647,0.9554882311815442
BCHUSDT,long,2024-03-25 13:00:00,2024-03-25 18:00:00,28309,28314,492.02,492.02,0.0,-0.13999999999999999,-0.13995099999999314,BREAK_EVEN_SL,1.7101468804743285,0.6489691416251172,5,60.55002271920359,42.414206141799006,42.16076480127485,1.5910657561193944,10.601428571428576,480.9630225906944,468.485446826839,433.2754095698128,25.784504556778263,66827.79356315942,66060.60361567709,66019.24923690334,True,vol_and_rsi,True,0.9509594882053335,enter_on_signal_bar_close,101.14020900131086,101.06941085500995,100.99866226741145,1.1849111824722656,0.47152554774196037
FTMUSDT,long,2024-05-18 03:00:00,2024-05-18 11:00:00,29475,29483,0.8294,0.8898714285714284,7.290984877191753,7.150984877191753,1.3589990000000232,TAKE_PROFIT,3.3982990786676215,0.5953224663359341,8,64.09306998385247,33.452221979471275,32.37139409286016,1.5312513724889916,0.0201571428571428,0.8001427214744968,0.7864822108129683,0.733895908562491,32.38861199922443,66630.90966359581,65948.40586307975,63876.87594694225,True,vol_and_rsi,True,0.959232590905695,enter_on_signal_bar_close,97.46110759830447,97.39288482298566,98.78560307595437,5.437665782493372,7.451169520135033
LINKUSDT,long,2024-05-18 14:00:00,2024-05-19 06:00:00,29606,29622,16.408,16.408,0.0,-0.13999999999999999,-0.1399509999999969,BREAK_EVEN_SL,1.9283909014321696,1.5096882898062343,16,63.36163982949288,35.977935678475745,35.44587362881738,2.4042096920280773,0.1695714285714287,16.187437451531228,15.731084353342242,14.521508085849458,28.753315172243397,66838.1261368337,66302.65102451645,64196.28549393727,True,vol_and_rsi,True,0.7172413768371075,enter_on_signal_bar_close,97.73447692841003,97.66606279456015,97.59769655060396,-1.1214041930765544,-1.0238907849829524
ETHUSDT,long,2024-07-01 17:00:00,2024-07-01 21:00:00,30665,30669,3490.23,3456.417142857143,-0.9687859293759139,-1.108785929375914,-1.1392509999999851,STOP_LOSS,0.5134141704338911,2.243525286239375,4,61.459145257318625,30.55570851925472,30.42612877497729,0.9000226200741801,16.906428571428574,3465.1302342112563,3440.050658373053,3428.7016851422163,41.22915853557252,62883.17545481889,62304.72372854515,62201.93668847305,True,rsi_rebound,True,0.9278285533902366,enter_on_signal_bar_close,101.16144346288802,101.090630452464,100.00896070662264,-0.9131203387742324,-1.2271397586978487
SOLUSDT,long,2024-07-02 02:00:00,2024-07-02 12:00:00,30554,30564,149.009,149.009,0.0,-0.13999999999999999,-0.13995099999998825,BREAK_EVEN_SL,1.7587939698492614,1.4992437917744044,10,63.900434134693455,34.20538849483145,34.199138514776365,0.9250186087376528,1.4640714285714256,147.28610590293655,145.7750773242076,141.83857970953477,30.08628241426429,62984.27845725729,62539.10793848151,62278.737338481165,True,rsi_rebound,True,0.9697986570672387,enter_on_signal_bar_close,101.21714606730956,101.14629406506245,101.07549165921691,-0.8717594239273991,-0.17180170325282382
SUIUSDT,long,2024-07-15 06:00:00,2024-07-15 22:00:00,10526,10542,0.8094,0.8365499999999997,3.354336545589285,3.2143365455892847,1.3589990000000285,TAKE_PROFIT,3.790055248618826,1.8895027624309606,16,58.830286860400335,40.90971263248471,40.77882853898085,1.2790184400683833,0.0090499999999999,0.8010247947705685,0.7858772126984056,0.7522580197220678,65.03751438323535,61229.97897333063,60086.557721811856,58737.49730628364,True,rsi_rebound,True,0.712499955468755,enter_on_signal_bar_close,99.86004900000002,99.79014696570003,101.21714606730956,-1.840869780084016,-0.6671608598962145
ADAUSDT,long,2024-07-15 12:00:00,2024-07-16 03:00:00,30996,31011,0.4384,0.4519642857142855,3.0940432742439494,2.9540432742439493,1.3589990000000105,TAKE_PROFIT,3.074249605055334,1.1500789889415748,15,56.80273618327569,33.98165966833728,33.71558295681559,3.443624337463615,0.0045214285714285,0.4346778649636615,0.4301092794620667,0.4059153949222156,65.51701533642509,61855.27696627687,60628.63039684223,58964.3478648859,True,vol_and_rsi,True,0.6666666081871413,enter_on_signal_bar_close,100.20426559030254,100.13412260438933,101.5660405576321,-0.593065693430655,-0.3649635036496328
DOGEUSDT,long,2024-07-27 19:00:00,2024-07-27 20:00:00,31291,31292,0.1361,0.1320785714285716,-2.9547601553478313,-3.0947601553478314,-1.1392509999999876,STOP_LOSS,0.0198934280639501,3.0287744227354816,1,59.69298432735499,34.45411715724627,34.0185482277147,9.425883349927615,0.0020107142857142,0.1339860271539104,0.1322260197840731,0.1294835873259765,43.89530206793392,68243.81849590715,67537.67068059627,66184.7377938758,True,vol_and_rsi,True,0.7135134170927807,enter_on_signal_bar_close,101.56604055763212,101.49494432924179,100.4089484249189,-3.4459955914768554,-4.842027920646593
ETHUSDT,long,2024-08-23 15:00:00,2024-08-23 17:00:00,31935,31937,2669.45,2669.45,0.0,-0.13999999999999999,-0.13995099999997546,BREAK_EVEN_SL,2.931999726906555,0.3742063221137405,2,59.462258045640205,31.626023069655268,30.57967673206892,2.0026449267734727,20.924285714285684,2650.8557265658187,2635.46948073006,2627.661404176861,26.013598047571,60913.24220833241,60624.81310278994,59907.732731807926,True,vol_and_rsi,True,0.7206636500536696,enter_on_signal_bar_close,100.00896070662264,99.93895443412802,99.86899716602414,2.8144374309314695,3.4512727340838047
FTMUSDT,long,2024-09-20 08:00:00,2024-09-20 09:00:00,32480,32481,0.6538,0.6538,0.0,-0.13999999999999999,-0.13995099999998567,BREAK_EVEN_SL,1.917808219178086,0.3312577833125821,1,61.172291152397065,30.519938574386785,30.28669459643809,2.161160510753142,0.0114714285714285,0.6390131289070492,0.6228836480018299,0.5508926200576808,32.15038743647323,63130.60625737812,62179.63398404668,60002.92160943045,True,rsi_rebound,True,0.5501858531529429,enter_on_signal_bar_close,98.78560307595437,98.71645315380121,98.64735163659356,-2.5237075558274804,-2.0189660446619913
AVAXUSDT,long,2024-10-07 14:00:00,2024-10-07 22:00:00,33014,33022,27.285,26.644714285714286,-2.3466582894840156,-2.4866582894840157,-1.1392509999999827,STOP_LOSS,0.42481035252119287,2.0584560464078474,8,60.489255463869675,30.22478258675864,30.01306947484649,2.738531470040838,0.3201428571428576,27.006968841481147,26.625024656392497,26.59428788025386,30.2495889876128,63167.31193073557,62708.470173729474,62544.16055083901,True,rsi_rebound,True,0.356104650645197,enter_on_signal_bar_close,97.59769655060396,97.52937816301854,96.48581381667425,-1.6419277991570476,-2.19901044529962
DOTUSDT,long,2024-10-19 14:00:00,2024-10-20 14:00:00,33302,33326,4.394,4.516785714285715,2.7943949541582724,2.6543949541582723,1.3589990000000094,TAKE_PROFIT,3.591623036649214,0.9284467713787131,24,59.72386219737309,33.38335476218751,33.35511295540977,1.246981014175751,0.0409285714285715,4.348659456725848,4.311586477520049,4.270190590514068,25.6368424286136,68249.94004271057,67993.56699683485,66023.75852788283,True,rsi_rebound,True,0.9268292456870895,enter_on_signal_bar_close,101.35899900000001,101.28804770070002,102.73646678282003,0.4779244424214817,0.8192990441511058
ADAUSDT,long,2024-11-29 23:00:00,2024-11-30 07:00:00,34295,34303,1.0762,1.1346357142857142,5.429819205139765,5.289819205139765,1.358999000000004,TAKE_PROFIT,3.629629629629634,1.2988632196553058,8,62.17846273536514,40.74155623674738,39.913179546787184,1.3546571226620345,0.0194785714285714,1.0535190052492165,1.0345158105973278,0.9675986048124088,25.966754132347248,97047.67285602885,96309.24606147438,95283.11712920998,True,vol_and_rsi,True,0.6363636149372555,enter_on_signal_bar_close,101.5660405576321,101.49494432924178,102.94632203314993,-0.5389332837762523,5.064114476863036
ADAUSDT,long,2025-01-15 14:00:00,2025-01-16 00:00:00,35414,35424,1.0505,1.0505,0.0,-0.13999999999999999,-0.13995099999998067,BREAK_EVEN_SL,1.525842696629213,0.5623595505617975,10,65.34532686248068,40.10997819342306,39.81849151592719,1.6819645752287111,0.0254285714285714,1.0152536677125303,0.991897587094897,0.9761360548051256,29.614498967128785,97145.50227789284,96105.0719986994,95414.34611587552,True,volume_candle,True,0.7281105655248586,enter_on_signal_bar_close,102.94632203314993,102.87425960772673,102.80224762600133,1.4374107567824952,1.6087577344121764
AVAXUSDT,long,2025-01-17 20:00:00,2025-01-18 03:00:00,35468,35475,41.539,40.469571428571435,-2.5745168911831455,-2.7145168911831457,-1.1392509999999874,STOP_LOSS,0.24686080683943024,2.0964467005076233,7,63.847262380539576,30.552157847012097,29.579210723878607,1.5513335341010714,0.5347142857142845,40.82545340564998,39.98532952049795,38.3583556136196,49.67045546387315,102951.3415379439,101066.41824518437,97717.60387790127,True,vol_and_rsi,True,0.7098765424795549,enter_on_signal_bar_close,96.48581381667425,96.41827374700259,95.38659821790966,0.20462697705770685,-1.8777534365295292
POLUSDT,long,2025-03-25 08:00:00,2025-03-25 20:00:00,4628,4640,0.2218,0.22846,3.0027051397655544,2.8627051397655543,1.3589990000000114,TAKE_PROFIT,3.590090090090092,0.4999999999999999,12,63.62895757813169,36.97241776281852,36.31288645377695,2.184326066817516,0.00222,0.2189929899481368,0.2166265351460911,0.2145519299843031,31.057683837990343,86978.32559232005,86476.42742623198,85003.89221781777,True,rsi_rebound,True,0.5416665339052587,enter_on_signal_bar_close,100.0,99.93,101.35899900000001,0.7574391343552817,1.7222723174030614
DOTUSDT,long,2025-06-11 15:00:00,2025-06-11 18:00:00,38943,38946,4.332,4.240285714285714,-2.1171349426197055,-2.2571349426197056,-1.1392509999999798,STOP_LOSS,0.13084112149533195,2.420560747663544,3,62.51292867465777,34.70581037675392,34.61607665535067,1.3409734933497763,0.0458571428571429,4.268512525504332,4.210305158257305,4.124490270626932,26.53094947285259,109501.28827123306,108935.66694342824,106875.55044892842,True,volume_candle,True,0.807017529701446,enter_on_signal_bar_close,102.73646678282003,102.66455125607206,101.5660405576321,-2.0775623268698027,-3.3702677746999052
LINKUSDT,long,2025-06-11 15:00:00,2025-06-11 18:00:00,38943,38946,15.611,15.151,-2.9466401896098957,-3.086640189609896,-1.1392509999999827,STOP_LOSS,0.09999999999999863,2.2086956521739167,3,63.55754540681247,42.57920648351795,42.440288687309,1.3142817838962928,0.23,15.274299741309608,14.915550110731097,14.322962018072722,26.53094947285259,109501.28827123306,108935.66694342824,106875.55044892842,True,volume_candle,True,0.8268398232604373,enter_on_signal_bar_close,97.59769655060396,97.52937816301854,96.48581381667425,-3.0299148036640875,-4.644161168406901
SUIUSDT,long,2025-07-15 04:00:00,2025-07-15 20:00:00,19284,19300,3.9477,3.9477,0.0,-0.13999999999999999,-0.13995099999998825,BREAK_EVEN_SL,2.3730486453822053,1.4847416658273762,16,64.79665957174396,38.8724429984356,38.76729869724546,1.520148906831544,0.0709214285714286,3.864521068899063,3.7392890657846767,3.379167121195384,30.07646018032543,119431.07201996435,119287.08879807132,115294.33032291612,True,vol_and_rsi,True,0.8026424376330124,enter_on_signal_bar_close,101.21714606730956,101.14629406506245,101.07549165921691,-1.6262633938749154,0.509157230792608
ARBUSDT,long,2025-07-28 02:00:00,2025-07-28 04:00:00,20579,20581,0.4617,0.4617,0.0,-0.13999999999999999,-0.13995099999998217,BREAK_EVEN_SL,1.8013544018058807,0.44243792325057024,2,60.13346706551482,30.231513077188268,29.591465702690723,1.2965360457559654,0.0063285714285714,0.4550331803264912,0.4511043524742262,0.4484494005670207,42.85360061132435,118836.92456918673,118324.20929658438,117915.77463377274,True,rsi_rebound,True,0.7786258947613811,enter_on_signal_bar_close,100.0,99.93,99.86004900000002,2.9239766081871372,1.9059995668182748
ADAUSDT,long,2025-08-10 03:00:00,2025-08-10 06:00:00,40371,40374,0.8235,0.8035857142857145,-2.4182496313643655,-2.5582496313643657,-1.1392510000000042,STOP_LOSS,1.0846484935437684,2.0186513629842304,3,61.30195385246515,30.74068663486794,30.252216006568787,1.7403541898498183,0.0099571428571428,0.8099013824301752,0.7988195579466887,0.7700531760942441,29.89308208180668,116886.86407627306,116624.7839721356,115869.51857883263,True,vol_and_rsi,True,0.924999942187505,enter_on_signal_bar_close,102.80224762600133,102.73028605266313,101.63107199189963,-3.5579842137219173,-4.055859137826348
BNBUSDT,long,2025-08-10 03:00:00,2025-08-10 07:00:00,40371,40375,811.74,801.7942857142857,-1.2252339771003402,-1.3652339771003401,-1.1392509999999867,STOP_LOSS,0.864694053432911,2.6242459063487367,4,59.686296026849426,32.86373974822919,32.29924643517996,1.3406037175774865,4.972857142857151,805.5326476799665,798.6958732409714,781.4478739476801,29.89308208180668,116886.86407627306,116624.7839721356,115869.51857883263,True,volume_candle,True,0.6711409394847038,enter_on_signal_bar_close,97.73447692841003,97.66606279456015,96.62103592265836,-1.4684504890728507,-1.5177273511222866
SUIUSDT,long,2025-08-10 04:00:00,2025-08-10 06:00:00,19908,19910,3.9798,3.882514285714286,-2.444487519114377,-2.584487519114377,-1.139250999999982,STOP_LOSS,0.0287812041115975,2.575917767988264,2,60.60984313079039,35.16766540021841,34.84492231253232,1.3282453518007713,0.048642857142857,3.924729251697808,3.863735596319708,3.701921370191814,32.671854249381425,117036.72464043752,116696.7689144048,115895.29849347114,True,volume_candle,True,0.6077669784899608,enter_on_signal_bar_close,101.07549165921691,101.00473881505546,99.92398810973438,-3.3418764762048343,-3.8695411829740163
BCHUSDT,long,2025-08-12 00:00:00,2025-08-12 17:00:00,40416,40433,590.87,616.2757142857142,4.299713013981794,4.159713013981794,1.3589990000000018,TAKE_PROFIT,3.8329959514170104,0.5431848852901514,17,61.61344745553894,30.473168479842432,29.97474092332561,1.68624747299583,8.468571428571424,582.841410485379,579.416298520487,571.6010070356585,27.449043913182347,119545.44424010382,119161.3749891231,117201.33296815818,True,vol_and_rsi,True,0.7315130830073078,enter_on_signal_bar_close,100.99866226741145,100.92796320382426,102.37123307763895,0.913906612283578,-0.12693147392827525
TRXUSDT,long,2025-10-03 16:00:00,2025-10-03 20:00:00,41560,41564,0.34471,0.3420028571428572,-0.7853392292485849,-0.9253392292485849,-1.1392509999999845,STOP_LOSS,0.03693931398416558,2.8664907651715605,4,62.888898077301626,32.68880002978882,32.10665388589957,3.7982880744012015,0.0013535714285714,0.3428990666377178,0.341607780237798,0.3388394133610672,31.350014017933542,120484.79677165636,119156.666681943,115338.7115764614,True,rsi_rebound,True,0.5493559874008656,enter_on_signal_bar_close,98.5842294177889,98.51522045719646,97.46110759830447,-0.6759304922978732,-0.739752255519131
APTUSDT,long,2026-03-04 15:00:00,2026-03-05 16:00:00,29581,29606,1.0246,0.9815999999999999,-4.196759711106777,-4.336759711106777,-1.1392509999999862,STOP_LOSS,0.10697674418604507,2.8558139534883726,25,62.36884409749723,31.73848242347831,31.69396048178088,1.4407110184000014,0.0215,1.0012823882886286,0.9858827455816436,0.9472284526181124,30.77659316321149,70105.36427761546,68830.40088194964,67391.11145480827,True,vol_and_rsi,True,0.9931740275367233,enter_on_signal_bar_close,99.86004900000002,99.79014696570003,98.72239239316704,-0.5563146593792737,-1.6591840718329012
OPUSDT,long,2026-03-15 17:00:00,2026-03-16 06:00:00,33195,33208,0.1272,0.13135714285714262,3.2681940700806678,3.1281940700806676,1.3589990000000056,TAKE_PROFIT,3.0309278350517204,0.5773195876288982,13,60.886059548625205,30.754500070672872,30.029057152859394,0.7356398874965042,0.0013857142857142,0.1256840570496238,0.1245123913724643,0.1223884150693816,25.614180044739733,71425.29600547711,71172.44465534297,70178.67477072963,True,rsi_rebound,True,0.739130113421694,enter_on_signal_bar_close,98.72239239316704,98.65328671849183,100.06402871856626,0.8647798742138285,0.7075471698113083
XRPUSDT,long,2026-03-15 21:00:00,2026-03-15 22:00:00,45477,45478,1.4268,1.455557142857143,2.0154992190316037,1.8754992190316038,1.35899900000002,TAKE_PROFIT,3.9538002980625686,0.4798807749627581,1,63.53142060161421,33.28862213409986,32.37645149128959,1.0583817749364142,0.0095857142857143,1.4136806633623036,1.4069389243040222,1.392595088446016,26.869937585621336,71511.42426524845,71245.7994400116,70236.7441544881,True,rsi_rebound,True,0.8089171459288517,enter_on_signal_bar_close,98.58422941778889,98.51522045719645,99.92398810973437,1.3877207737594643,3.7566582562377255
ETHUSDT,long,2026-04-11 09:00:00,2026-04-11 16:00:00,46233,46240,2242.5,2276.5157142857142,1.5168657429526973,1.3768657429526974,1.3589990000000107,TAKE_PROFIT,3.0427113518961955,0.9084036789719238,7,57.17795997621612,33.13047879103903,32.952576575630474,1.2758493837292213,11.33857142857138,2233.9438673207583,2218.950615000369,2158.876772049073,25.62683226412419,72705.50525618538,72238.83426258535,70273.55221796263,True,rsi_rebound,True,0.6714042068975806,enter_on_signal_bar_close,99.86899716602414,99.79908886800793,101.22621583882045,-0.1748049052396911,0.7134894091415831
APTUSDT,long,2026-04-14 15:00:00,2026-04-14 18:00:00,30565,30568,0.8738,0.8574142857142858,-1.8752247980904353,-2.0152247980904354,-1.1392509999999914,STOP_LOSS,0.9642545771578102,2.904969485614667,3,61.61076011173908,30.346624657107046,29.80437045416213,1.6842838352244611,0.0081928571428571,0.8617130275131998,0.8516581894202484,0.8503754572509805,50.85120597487904,74210.82984869652,73198.9581314451,71533.89086691594,True,vol_and_rsi,True,0.8989898535863712,enter_on_signal_bar_close,98.72239239316704,98.65328671849183,97.59769655060397,-2.082856488899061,-1.6823071641107856
