symbol,side,entry_time,exit_time,entry_price,exit_price,pnl_portfolio_pct,exit_reason,mfe_atr,mae_atr,bars_held,btc_re,btc_adx_1h,coin_adx_15m,coin_adx_1h,whitelist_source_date,ts,exit,pnl,net_pnl,balance_before,balance,bars,breakout_level,entry_close,entry_high,entry_low,atr_15m,distance_to_breakout_atr,breakout_strength_atr,atr_ma10,atr_expansion_ratio,volume,volume_ma20,volume_ratio,candle_range,candle_body,candle_body_ratio,candle_close_position,direction_adjusted_close_position,whitelist_rank,whitelist_score,coin_re_15m,coin_close_vs_ema20_atr,coin_close_vs_ema50_atr
SOL_USDT,buy,2024-01-02 09:00:00,2024-01-02 09:15:00,115.321,116.66939285714284,0.6496500000000155,TAKE_PROFIT,1.6174811283273816,-0.9067809820732554,3,0.3959849435382667,54.44543860544776,42.43783502823167,52.43044380671935,2024-01-01,2024-01-02 09:15:00,TAKE_PROFIT,0.7496249999999982,0.6493251750000155,99.95,100.59932517500002,3,115.15,115.321,115.33,114.421,0.898928571428572,0.19022646007150498,0.19022646007150498,0.8423142857142869,1.0672127811132586,302602.0,296137.2,1.0218304218450096,0.9089999999999918,0.7309999999999945,0.8041804180418054,0.9900990099009896,0.9900990099009896,2,,0.931870669745958,1.9837378628589186,4.10784692165656
ARB_USDT,buy,2024-01-03 16:30:00,2024-01-03 23:00:00,2.0134,1.8895285714285712,-1.099474999999979,HARD_SL,1.152808211278978,-2.1506169991927075,26,0.3692420932662169,37.67933485514775,37.66813258564806,44.44495630922889,2024-01-02,2024-01-03 23:00:00,HARD_SL,-1.0059932517500008,-1.1060644304678109,100.59932517500002,99.4932607445322,26,1.949,2.0134,2.0918,1.9326,0.06193571428571428,1.0397877984084847,1.0397877984084847,0.08140285714285714,0.7608543048682039,76806957.2,31956417.554999996,2.4034908502433985,0.1592,0.06769999999999987,0.4252512562814062,0.5075376884422095,0.5075376884422095,3,,0.17661988653329325,2.1381881853119005,2.2336879870373623
SOL_USDT,buy,2024-01-09 04:00:00,2024-01-09 04:45:00,101.798,103.766,0.649650000000016,TAKE_PROFIT,1.656249999999998,-1.078506097560978,3,0.2931071972167837,44.91305290399762,31.40929544783411,26.6025408321714,2024-01-08,2024-01-09 04:45:00,TAKE_PROFIT,0.7461994555839913,0.6463579684268694,99.4932607445322,100.13961871295908,3,99.835,101.798,102.296,99.464,1.3120000000000027,1.496189024390247,1.496189024390247,1.2586928571428575,1.0423511919962338,1032276.0,375381.35,2.7499394948630242,2.832000000000008,1.975999999999999,0.697740112994348,0.8241525423728802,0.8241525423728802,2,,0.5098735615854522,2.51216123815636,3.5321547652856298
ETH_USDT,buy,2024-01-10 00:45:00,2024-01-10 12:45:00,2399.46,2337.592857142857,-1.0994749999999829,HARD_SL,1.0454660909321862,-2.042441175791436,48,0.2741392418811768,36.890254815600365,41.44675103957004,29.54386568947938,2024-01-09,2024-01-10 12:45:00,HARD_SL,-1.0013961871295909,-1.101010072844289,100.13961871295908,99.0386086401148,48,2397.15,2399.46,2401.82,2380.05,30.93357142857144,0.07467614935229691,0.07467614935229691,34.96778571428568,0.8846305477081978,69756.121,117959.16934999998,0.5913581910112019,21.769999999999982,15.460000000000036,0.7101515847496578,0.8915939366100079,0.8915939366100079,1,,0.8109863773965703,2.001132867701956,2.903429443955466
SOL_USDT,buy,2024-01-28 04:00:00,2024-01-28 05:30:00,96.928,95.64185714285716,-1.0994749999999869,HARD_SL,0.3949794512940213,-2.376096856603345,6,0.2874206793579678,31.633146454857915,31.423404358117047,48.08380529951102,2024-01-27,2024-01-28 05:30:00,HARD_SL,-0.9903860864011432,-1.088904742345889,99.0386086401148,97.9497038977689,6,96.773,96.928,97.399,96.542,0.6430714285714275,0.2410307675219393,0.2410307675219393,0.5487642857142864,1.171853645202855,665210.0,259868.45,2.5597951578962355,0.8569999999999993,0.3199999999999932,0.37339556592764694,0.4504084014002287,0.4504084014002287,2,,0.6003770028275217,3.620253347228797,4.86667119150292
ETH_USDT,buy,2024-01-30 16:15:00,2024-01-30 17:00:00,2356.89,2375.601428571428,0.6496500000000038,TAKE_PROFIT,1.6457856161246207,-0.4344938158497553,3,0.2270100502512526,38.20152631103383,33.62248815206659,28.39128653119217,2024-01-29,2024-01-30 17:00:00,TAKE_PROFIT,0.7346227792332592,0.6363302513718594,97.9497038977689,98.58603414914076,3,2349.99,2356.89,2359.75,2334.51,12.474285714285672,0.5531378836463674,0.5531378836463674,10.900571428571407,1.1443698888655887,103291.994,46141.72089999999,2.23858130961041,25.23999999999978,10.989999999999782,0.43541996830427404,0.8866877971473791,0.8866877971473791,1,,0.6592420726991467,2.9148988730836813,3.530187361553963
SOL_USDT,buy,2024-02-10 03:45:00,2024-02-10 06:45:00,110.644,109.0347142857143,-1.0994749999999731,HARD_SL,0.2423435419440667,-2.399822458943651,12,0.2403618350204562,53.21202160544666,48.09628947245107,37.89580554837461,2024-02-09,2024-02-10 06:45:00,HARD_SL,-0.9858603414914038,-1.0839287989612387,98.58603414914076,97.50210535017952,12,110.485,110.644,110.746,109.674,0.8046428571428551,0.19760319573902263,0.19760319573902263,0.7561785714285701,1.0640910593680621,412515.0,251131.55,1.6426251500458624,1.0719999999999885,0.5490000000000066,0.5121268656716534,0.9048507462686654,0.9048507462686654,2,,0.6792452830188711,2.341158321742131,3.993214728283707
SOL_USDT,buy,2024-02-13 00:15:00,2024-02-13 03:45:00,114.883,113.05314285714286,-1.0994749999999882,HARD_SL,0.2885471153095589,-2.2264033101725267,14,0.3872839661914953,34.10506957814271,44.24369678370435,32.892525250463336,2024-02-12,2024-02-13 03:45:00,HARD_SL,-0.975021053501792,-1.0720112727988749,97.50210535017952,96.43009407738064,14,113.333,114.883,115.0,112.662,0.9149285714285712,1.694121320946207,1.694121320946207,0.7812500000000003,1.1711085714285707,902556.0,327634.1,2.7547682002575438,2.337999999999994,1.961999999999989,0.8391787852865673,0.9499572284003401,0.9499572284003401,2,,0.8354570637119105,3.9042944338978987,5.730997044943494
SOL_USDT,buy,2024-02-27 01:00:00,2024-02-27 02:00:00,111.826,110.13085714285714,-1.0994749999999869,HARD_SL,0.8070116298668623,-2.153210854542382,4,0.2365168539325897,47.26808112845191,44.6606919616293,35.72768622378336,2024-02-26,2024-02-27 02:00:00,HARD_SL,-0.9643009407738076,-1.060224776857268,96.43009407738064,95.36986930052338,4,111.11,111.826,111.894,110.623,0.8475714285714265,0.8447665599190916,0.8447665599190916,0.7161857142857131,1.1834520176330952,477743.0,239617.55,1.9937729936726254,1.2710000000000008,0.9689999999999941,0.7623918174665566,0.9464988198268985,0.9464988198268985,2,,0.720683559222155,2.333020705765954,4.442304766121868
SOL_USDT,buy,2024-02-29 05:15:00,2024-02-29 06:30:00,125.425,122.7132857142857,-1.0994749999999929,HARD_SL,0.5155410388789358,-2.200821831208506,5,0.3157894736842083,44.08902213565496,38.84594274893436,24.330064446943737,2024-02-28,2024-02-29 06:30:00,HARD_SL,-0.9536986930052352,-1.0485678704919223,95.36986930052338,94.32130143003144,5,124.879,125.425,125.479,123.149,1.3558571428571449,0.4026972921715246,0.4026972921715246,1.6364428571428575,0.8285392532583751,540204.0,477241.35,1.131930416339657,2.3299999999999983,2.25,0.9656652360515029,0.9768240343347631,0.9768240343347631,2,,0.9739220242705915,2.4257014804753325,4.783973223130495
DOGE_USDT,buy,2024-03-26 09:15:00,2024-03-26 12:00:00,0.18578,0.1815414285714285,-1.0994749999999922,HARD_SL,0.8115942028985502,-2.217728345129765,11,0.3194885817751729,39.53405261544832,31.61524421129708,23.693824190902586,2024-03-25,2024-03-26 12:00:00,HARD_SL,-0.9432130143003136,-1.0370391288978311,94.32130143003144,93.28426230113362,11,0.18519,0.18578,0.18663,0.18266,0.0021192857142857146,0.27839568587799457,0.27839568587799457,0.0016253571428571402,1.3038892551087697,185914034.0,105212140.95,1.7670397382023808,0.003970000000000001,0.002799999999999997,0.7052896725440796,0.785894206549121,0.785894206549121,3,,0.8992161254199346,2.08358170376409,2.8254488743926665
ETH_USDT,buy,2024-04-08 22:45:00,2024-04-08 23:30:00,3724.08,3697.5,-1.099474999999991,HARD_SL,0.6960120391271651,-2.186606471030852,3,0.3765142949442798,38.961157115004944,47.01225000064619,59.7359862804565,2024-04-07,2024-04-08 23:30:00,HARD_SL,-0.9328426230113362,-1.0256371429353806,93.28426230113362,92.25862515819824,3,3714.98,3724.08,3735.31,3696.4,13.289999999999964,0.6847253574115827,0.6847253574115827,13.413071428571461,0.9908245155312198,52735.854,20391.563199999997,2.586160437175312,38.909999999999854,23.920000000000073,0.6147519917758972,0.7113852480082226,0.7113852480082226,1,,0.819756554307113,2.5446351379550967,5.44929183373305
SOL_USDT,buy,2024-04-27 17:30:00,2024-04-27 20:00:00,141.197,142.59414285714286,0.6496500000000027,TAKE_PROFIT,1.898159509202452,-1.859509202453984,10,0.3216044019692972,31.887948870378064,34.085708316896145,41.76568520057811,2024-04-26,2024-04-27 20:00:00,TAKE_PROFIT,0.6919396886864838,0.5993581583402374,92.25862515819824,92.85798331653848,10,139.748,141.197,141.45,138.409,0.9314285714285729,1.5556748466257775,1.5556748466257775,0.8903714285714279,1.0461123768571727,445057.0,149772.9,2.9715455866849076,3.040999999999997,2.641999999999996,0.8687931601446888,0.916803682999018,0.916803682999018,2,,0.8448389217619986,3.195540260261937,3.6453117001263435
DOGE_USDT,buy,2024-05-21 13:30:00,2024-05-21 15:45:00,0.17187,0.1675614285714285,-1.0994749999999898,HARD_SL,0.7380636604774582,-2.9290450928381917,9,0.3152613449153756,47.28761004570425,30.088153563314997,36.5496909433282,2024-05-20,2024-05-21 15:45:00,HARD_SL,-0.9285798331653822,-1.0209503120695018,92.85798331653848,91.83703300446898,9,0.1702,0.17187,0.17221,0.16666,0.002154285714285712,0.7751989389920455,0.7751989389920455,0.001443428571428569,1.4924782264449732,327314637.0,96800647.75,3.3813269291888597,0.005549999999999999,0.004449999999999982,0.8018018018017986,0.9387387387387375,0.9387387387387375,3,,0.8342665173572217,2.601706655677295,3.594438693114233
BNB_USDT,buy,2024-06-05 06:45:00,2024-06-05 08:45:00,709.56,701.4957142857143,-1.099474999999988,HARD_SL,1.282196634189568,-2.9860053144375502,8,0.2272654881350508,35.082188184980765,47.567301354388526,66.35104939111108,2024-06-04,2024-06-05 08:45:00,HARD_SL,-0.918370330044688,-1.0097252186258745,91.83703300446898,90.8273077858431,8,707.69,709.56,709.74,705.52,4.032142857142852,0.4637732506642782,0.4637732506642782,4.527142857142841,0.8906595140422867,20373.77,21647.422000000006,0.9411638023225118,4.220000000000027,3.42999999999995,0.8127962085307886,0.9573459715639663,0.9573459715639663,3,,0.26023017902812917,1.981460072786538,4.803646519573885
ETH_USDT,buy,2024-06-19 03:30:00,2024-06-19 11:30:00,3559.0,3517.7557142857145,-1.0994749999999962,HARD_SL,1.2607807142114924,-2.071074780922034,32,0.28189802390827,36.306068303521705,41.65714057951818,33.01655431920911,2024-06-18,2024-06-19 11:30:00,HARD_SL,-0.9082730778584268,-0.9986235422783948,90.8273077858431,89.82868424356471,32,3557.27,3559.0,3559.17,3546.11,20.622142857142858,0.08389040906099635,0.08389040906099635,18.010857142857116,1.1449839779180828,29182.354,32108.712000000007,0.9088609346896255,13.059999999999945,10.2199999999998,0.782542113323112,0.9869831546707447,0.9869831546707447,1,,0.7809153894604209,2.216452658630244,3.878819481939517
SOL_USDT,buy,2024-06-25 10:45:00,2024-06-25 12:45:00,138.76,136.87185714285712,-1.0994749999999829,HARD_SL,0.0656729968979466,-2.464855867443429,8,0.2976998682743897,41.79364430786316,33.80396945495641,28.10143925028824,2024-06-24,2024-06-25 12:45:00,HARD_SL,-0.8982868424356472,-0.9876439260869176,89.82868424356471,88.84104031747779,8,137.904,138.76,139.168,137.35,0.9440714285714336,0.9067110539456654,0.9067110539456654,0.7547142857142906,1.2508991103539642,531098.0,183581.1,2.892988439441751,1.818000000000012,1.3059999999999832,0.7183718371837043,0.7755775577557685,0.7755775577557685,2,,0.5516032942001051,3.0324276227593403,4.840844987860914
SOL_USDT,buy,2024-06-30 18:15:00,2024-06-30 18:45:00,144.328,145.38753571428572,0.6496500000000031,TAKE_PROFIT,2.154717362726247,-0.1684700171908175,2,0.3190409026798266,32.94430189349086,42.9605835322971,22.50341449557556,2024-06-29,2024-06-30 18:45:00,TAKE_PROFIT,0.6663078023810833,0.5771558184224972,88.84104031747779,89.41819613590029,2,144.235,144.328,144.519,143.715,0.7063571428571436,0.13166144200625432,0.13166144200625432,0.7145714285714297,0.9885045981607351,112145.0,106642.15,1.0516010789354866,0.804000000000002,0.32900000000000773,0.4092039800995111,0.7624378109452711,0.7624378109452711,2,,0.7233766233766232,1.8207584633272993,3.3380777601877347
AVAX_USDT,buy,2024-07-01 03:15:00,2024-07-01 13:45:00,29.882,29.545857142857145,-1.0994749999999824,HARD_SL,1.439864003399894,-2.629834254143638,42,0.3987883683360235,48.05135431256732,44.20253974251877,33.77047948548889,2024-06-30,2024-07-01 13:45:00,HARD_SL,-0.8941819613589989,-0.983130711965174,89.41819613590029,88.43506542393511,42,29.852,29.882,29.909,29.766,0.16807142857142918,0.17849553761156584,0.17849553761156584,0.1936500000000005,0.8679133930876776,83015.0,107346.6,0.7733360907564841,0.14300000000000068,0.10400000000000276,0.7272727272727431,0.8111888111888298,0.8111888111888298,3,,0.857320099255589,2.2246888776458222,5.064799245867383
SOL_USDT,buy,2024-07-14 04:15:00,2024-07-14 09:30:00,145.149,146.4612857142857,0.6496499999999982,TAKE_PROFIT,1.79343566296537,-1.2950685826257469,21,0.3553643724696341,44.14055877428357,33.5366250987544,35.62516183800477,2024-07-13,2024-07-14 09:30:00,TAKE_PROFIT,0.6632629906795101,0.5745184025265928,88.43506542393511,89.00958382646171,21,145.136,145.149,146.0,144.665,0.8748571428571422,0.014859568909215656,0.014859568909215656,1.0653642857142844,0.8211812190330608,420297.0,185327.8,2.2678572777532566,1.335000000000008,0.4579999999999984,0.3430711610486859,0.36254681647940523,0.36254681647940523,3,,0.6733405875952111,1.6831731158533756,3.331135655782497
ETH_USDT,buy,2024-07-15 22:00:00,2024-07-15 22:30:00,3451.71,3481.698214285714,0.6496499999999953,TAKE_PROFIT,2.112329843867232,-0.5662224445317878,2,0.3364117799018348,65.52552099637616,45.32981249002487,66.45082119879517,2024-07-14,2024-07-15 22:30:00,TAKE_PROFIT,0.6675718786984579,0.5782507613286043,89.00958382646171,89.58783458779031,2,3443.87,3451.71,3456.77,3418.22,19.99214285714288,0.39215406052378404,0.39215406052378404,20.11614285714284,0.9938357964108447,50208.927,31510.2587,1.5934152581235395,38.55000000000018,33.49000000000024,0.8687418936446194,0.8687418936446194,0.8687418936446194,1,,0.7095570534424636,2.0407740515918444,3.4875813026900304
SOL_USDT,buy,2024-07-16 17:45:00,2024-07-17 15:45:00,162.052,158.97,-1.0994749999999849,HARD_SL,1.0837118754055892,-2.7819597663854627,93,0.3709158704264754,37.68071640131093,31.669761536166018,31.09473806729609,2024-07-15,2024-07-17 15:45:00,HARD_SL,-0.8954304067049607,-0.9845033464119268,89.54304067049642,88.5585373240845,93,161.975,162.052,162.447,161.574,1.5410000000000028,0.04996755353666323,0.04996755353666323,1.5018928571428607,1.026038570375478,283407.0,260630.4,1.0873904195366313,0.8729999999999905,0.12999999999999545,0.1489117983963309,0.5475372279495824,0.5475372279495824,2,,0.7724919891545474,1.9364499767934353,2.8974201832182853
SOL_USDT,buy,2024-07-27 08:45:00,2024-07-27 10:15:00,187.167,185.38857142857145,-1.0994749999999975,HARD_SL,0.7784514117443244,-2.061370391196081,9,0.3721283463071978,45.23293837135309,42.79620207496777,44.877021154471294,2024-07-26,2024-07-27 10:15:00,HARD_SL,-0.8851425805542287,-0.973192138754854,88.51425805542246,87.5410659166676,9,187.0,187.167,187.347,185.938,0.8892142857142845,0.1878062494979537,0.1878062494979537,0.74510714285714,1.1934045918611926,176609.0,135548.35,1.3029225364971244,1.4090000000000202,0.6090000000000089,0.4322214336408801,0.872249822569195,0.872249822569195,2,,0.936113936927768,2.484204677497952,4.114326065622468
ETH_USDT,buy,2024-07-29 09:45:00,2024-07-29 11:45:00,3393.47,3374.1342857142854,-1.0994749999999958,HARD_SL,0.2285925378647973,-2.169043221278134,8,0.2922668688400215,31.350131533365808,49.18876952692386,30.97702681682674,2024-07-28,2024-07-29 11:45:00,HARD_SL,-0.875410659166676,-0.9624921344872774,87.5410659166676,86.57857378218033,8,3389.21,3393.47,3396.07,3380.0,9.667857142857201,0.44063538973030164,0.44063538973030164,10.74107142857147,0.9000831255195365,27450.677,22595.2467,1.2148872444043728,16.070000000000164,13.25,0.8245177349097613,0.8382078406969299,0.8382078406969299,1,,0.9256485202776653,2.645437193195044,5.8191346641645945
SOL_USDT,buy,2024-08-24 16:15:00,2024-08-24 21:00:00,161.357,159.60485714285713,-1.0994749999999895,HARD_SL,1.104932735425993,-2.435874439461859,19,0.3709134139092638,56.419307354485326,56.65919995353016,68.93638743056013,2024-08-23,2024-08-24 21:00:00,HARD_SL,-0.8657857378218075,-0.951909774091618,86.57857378218033,85.62666400808871,19,159.739,161.357,161.942,159.227,0.8760714285714316,1.846881369751313,1.846881369751313,0.7145500000000027,1.2260463628457468,647435.0,174136.15,3.7179815908414193,2.7150000000000034,2.0420000000000016,0.7521178637200733,0.7845303867403288,0.7845303867403288,2,,0.686980609418284,3.355216252185908,5.466738554187696
ETH_USDT,buy,2024-09-19 07:30:00,2024-09-19 12:00:00,2433.84,2447.267142857143,0.6496500000000067,TAKE_PROFIT,2.009735078199789,-1.3841366102777288,18,0.3363101278668521,31.26438376423307,52.35372037545433,31.543394100906823,2024-09-18,2024-09-19 12:00:00,TAKE_PROFIT,0.6421999800606654,0.5562736227285541,85.62666400808871,86.18293763081726,18,2426.77,2433.84,2437.04,2420.53,8.95142857142855,0.7898180657516959,0.7898180657516959,8.231571428571467,1.0874507558008288,45625.006,24305.138749999995,1.8771752948746285,16.509999999999764,11.320000000000164,0.6856450635978393,0.8061780738946176,0.8061780738946176,1,,0.8539499889356074,2.811387237130584,5.674734830980597
SUI_USDT,buy,2024-09-20 02:00:00,2024-09-20 07:00:00,1.4234,1.4535285714285715,0.6496500000000097,TAKE_PROFIT,3.171408250355627,-0.6770981507823649,20,0.2633788037775407,34.80411591578381,36.76490159759774,35.965266735802544,2024-09-19,2024-09-20 07:00:00,TAKE_PROFIT,0.6463720322311319,0.5598874543186128,86.18293763081726,86.74282508513588,20,1.4098,1.4234,1.4312,1.401,0.020085714285714262,0.6770981507823649,0.6770981507823649,0.01840214285714284,1.0914877925707407,20944717.9,9093602.99,2.3032364534753014,0.030200000000000005,0.019400000000000084,0.6423841059602676,0.7417218543046349,0.7417218543046349,3,,0.7833537331701343,2.267675528176808,3.0461354984493227
SUI_USDT,buy,2024-09-20 07:45:00,2024-09-20 09:45:00,1.489,1.513996428571429,0.649650000000004,TAKE_PROFIT,1.740248606943842,-1.8962708958422647,8,0.3730704854007872,34.18572398245771,40.333968641353366,37.48793666828357,2024-09-19,2024-09-20 09:45:00,TAKE_PROFIT,0.6505711881385187,0.5635247631655886,86.74282508513588,87.30634984830147,8,1.4871,1.489,1.4913,1.4702,0.016664285714285736,0.11401628804114936,0.11401628804114936,0.015667142857142845,1.0636454819002483,9273595.1,8660070.45,1.070845226207138,0.02110000000000012,0.018600000000000172,0.8815165876777283,0.8909952606635092,0.8909952606635092,3,,0.7840490797546008,3.0934608727481323,4.856952208179682
SOL_USDT,buy,2024-10-12 00:15:00,2024-10-12 02:00:00,146.392,145.46142857142857,-1.099474999999997,HARD_SL,0.3245317777095735,-2.04390543444888,7,0.3700980392156863,42.96391640307158,41.0623242161324,42.18238559257734,2024-10-11,2024-10-12 02:00:00,HARD_SL,-0.8730634984830186,-0.9599114899946102,87.30634984830147,86.34643835830686,7,146.345,146.392,146.422,145.8,0.4652857142857109,0.10101320233343006,0.10101320233343006,0.4689928571428581,0.992095523842876,106265.0,79885.05,1.3302238654166205,0.6219999999999857,0.3849999999999909,0.6189710610932472,0.9517684887459777,0.9517684887459777,2,,0.6041055718474936,1.6023197233235378,3.6123287810602527
ETH_USDT,buy,2024-10-12 16:00:00,2024-10-13 01:15:00,2483.2,2464.8071428571425,-1.0994749999999982,HARD_SL,0.7339805825242719,-2.4020194174756946,37,0.3434565727699623,45.53429440064826,39.64837157719982,38.635257390156696,2024-10-11,2024-10-13 01:15:00,HARD_SL,-0.8634643835830778,-0.9493575031399928,86.34643835830686,85.39708085516686,37,2482.91,2483.2,2483.65,2471.73,9.196428571428571,0.03153398058252032,0.03153398058252032,7.608714285714281,1.2086705093783452,37797.204,21333.714699999993,1.7717122653749564,11.920000000000073,11.4699999999998,0.9622483221476283,0.9622483221476283,0.9622483221476283,1,,0.7287482806052228,2.0049361800334067,3.000695023524514
DOGE_USDT,buy,2024-10-29 00:00:00,2024-10-29 00:45:00,0.16319,0.1662435714285714,0.6496500000000058,TAKE_PROFIT,2.8343859649122827,-0.0392982456140335,3,0.2642140468227378,48.175424016320825,54.57391793090757,61.65758421164658,2024-10-28,2024-10-29 00:45:00,TAKE_PROFIT,0.6404781064137531,0.5547821357755964,85.39708085516686,85.95186299094246,3,0.16263,0.16319,0.16366,0.16048,0.0020357142857142835,0.2750877192982483,0.2750877192982483,0.0020341428571428576,1.0007725261605436,250002322.0,246177968.35,1.0155349143371057,0.0031799999999999884,0.0017800000000000038,0.5597484276729592,0.8522012578616353,0.8522012578616353,3,,0.8834134615384616,2.182374193656951,4.320640026228721
ETH_USDT,buy,2024-10-29 08:30:00,2024-10-29 13:30:00,2629.35,2614.6314285714284,-1.0994749999999966,HARD_SL,1.266427254197832,-2.502960302824436,20,0.3362913662414423,60.627135860749874,44.12626942914735,40.105907439856345,2024-10-28,2024-10-29 13:30:00,HARD_SL,-0.8595186299094323,-0.9450192456196618,85.95186299094246,85.0068437453228,20,2626.33,2629.35,2630.55,2618.78,7.359285714285696,0.41036591284091867,0.41036591284091867,6.664785714285654,1.1042044005272988,26228.279,17697.70889999999,1.4820155054081612,11.769999999999982,7.809999999999945,0.6635514018691553,0.8980458793542673,0.8980458793542673,1,,0.8630136986301201,1.9841948924606532,5.0722803656027855
ETH_USDT,buy,2024-10-30 10:00:00,2024-10-30 11:00:00,2695.21,2673.5242857142857,-1.0994749999999915,HARD_SL,0.0617918313570553,-2.456916996047416,4,0.2523744911804867,50.34623657111014,35.00095858332804,34.59563157822796,2024-10-29,2024-10-30 11:00:00,HARD_SL,-0.8500684374532281,-0.9346289952688808,85.0068437453228,84.07221475005392,4,2694.9,2695.21,2698.0,2684.64,10.842857142857156,0.028590250329375698,0.028590250329375698,11.353571428571405,0.9550173010380655,44610.032,35349.66309999999,1.2619648417526224,13.360000000000127,1.7899999999999636,0.1339820359281397,0.7911676646706634,0.7911676646706634,1,,0.8725177304964531,2.289964027974813,3.709782807967707
ETH_USDT,buy,2024-11-07 01:00:00,2024-11-07 01:15:00,2779.81,2808.532857142857,0.6496500000000094,TAKE_PROFIT,2.882199343479557,-0.1775589376305625,1,0.3529583637691724,41.57144183219656,46.2769961433112,51.94774995457748,2024-11-06,2024-11-07 01:15:00,TAKE_PROFIT,0.6305416106254063,0.5461751431237332,84.07221475005392,84.61838989317765,1,2746.02,2779.81,2780.1,2724.21,19.148571428571454,1.7646225007460417,1.7646225007460417,17.81771428571432,1.074692921971713,192775.847,47763.47855,4.036051243591847,55.88999999999987,53.23999999999978,0.9525854356772214,0.9948112363571308,0.9948112363571308,1,,0.7711006687149832,3.58338451372304,5.3478454546328305
DOGE_USDT,buy,2024-11-10 10:45:00,2024-11-10 12:00:00,0.23989,0.2441328571428571,0.6496500000000069,TAKE_PROFIT,2.5101010101010104,-1.0075757575757551,5,0.3370833333333333,44.86840458011735,41.58876930406683,45.236034277729466,2024-11-09,2024-11-10 12:00:00,TAKE_PROFIT,0.6346379241988312,0.5497233699410344,84.61838989317765,85.16811326311868,5,0.23945,0.23989,0.24048,0.23599,0.0028285714285714264,0.15555555555555425,0.15555555555555425,0.002445285714285714,1.15674475667465,250435426.0,151398186.05,1.6541507697938498,0.004489999999999994,0.0035300000000000054,0.7861915367483319,0.8685968819599091,0.8685968819599091,2,,0.8141870684243554,2.8561752686168225,4.763386747587005
DOGE_USDT,buy,2024-11-12 05:15:00,2024-11-12 05:30:00,0.41911,0.3962514285714286,-1.0994749999999882,HARD_SL,0.1977376413974162,-3.289794387850758,1,0.206179464919896,51.389242191314914,36.20655613407203,48.807788363384944,2024-11-11,2024-11-12 05:30:00,HARD_SL,-0.8516811326311859,-0.936402113299664,85.16811326311868,84.23171114981902,1,0.40029,0.41911,0.42295,0.39777,0.01142928571428571,1.646647084557216,1.646647084557216,0.00965321428571428,1.18398756890747,1661392626.0,599827348.2,2.769784723863646,0.02517999999999998,0.021109999999999962,0.8383637807783947,0.8474980142970606,0.8474980142970606,2,,0.9223173923388058,4.211448093962172,6.254275715673101
ETH_USDT,buy,2024-11-27 22:00:00,2024-11-27 23:00:00,3653.49,3687.564642857143,0.6496500000000194,TAKE_PROFIT,1.5191648586611413,-0.2676477061912364,4,0.3421776504298027,30.4163198124348,45.62011209150006,46.11703676370141,2024-11-26,2024-11-27 23:00:00,TAKE_PROFIT,0.6317378336236423,0.5472113114848156,84.23171114981902,84.77892246130384,4,3648.79,3653.49,3665.2,3634.63,22.716428571428587,0.2068987202465095,0.2068987202465095,20.694285714285776,1.0977150352064036,62835.584,48319.816199999994,1.3004102445240677,30.56999999999971,18.1899999999996,0.5950278050376111,0.6169447170428476,0.6169447170428476,1,,0.8611184968536729,2.143475449134035,4.639951528022434
XRP_USDT,buy,2024-12-17 10:15:00,2024-12-17 11:15:00,2.6565,2.6992285714285718,0.6496500000000069,TAKE_PROFIT,2.3309929789368184,-0.9759277833500516,4,0.3823453497376006,35.128621253325406,41.985567686400046,27.589312953108184,2024-12-16,2024-12-17 11:15:00,TAKE_PROFIT,0.6358419184597791,0.5507662697698663,84.77892246130384,85.3296887310737,4,2.6307,2.6565,2.6696,2.6171,0.028485714285714288,0.9057171514543568,0.9057171514543568,0.02295214285714286,1.2410917125696326,88036830.1,25706650.93,3.424671317151619,0.05249999999999977,0.026499999999999968,0.5047619047619064,0.7504761904761873,0.7504761904761873,2,,0.9041095890410955,3.3138239175649065,4.770785961262017
ETH_USDT,buy,2025-01-15 19:00:00,2025-01-15 19:30:00,3375.54,3399.0664285714283,0.6496499999999983,TAKE_PROFIT,2.834684397486119,-0.2622139764997058,3,0.3508566652737174,35.67321513347494,46.9304590040443,24.4636969895358,2025-01-14,2025-01-15 19:30:00,TAKE_PROFIT,0.6396526791503074,0.5540671506799981,85.28702388670817,85.84109103738817,3,3374.38,3375.54,3377.7,3366.66,15.684285714285677,0.073959376992431,0.073959376992431,19.31792857142858,0.8119030804101274,51172.661,45923.242249999996,1.1143085394847094,11.039999999999964,4.650000000000091,0.4211956521739227,0.8043478260869691,0.8043478260869691,1,,0.8358800773694405,2.771430127372033,5.495803617257746
ETH_USDT,buy,2025-01-15 19:45:00,2025-01-15 20:15:00,3433.76,3459.913571428572,0.6496500000000336,TAKE_PROFIT,2.246538303973764,-0.0120442441622307,2,0.2856182795698925,35.67321513347494,50.35171363422917,24.4636969895358,2025-01-14,2025-01-15 20:15:00,TAKE_PROFIT,0.6438081827804137,0.557666647924421,85.84109103738817,86.39875768531259,2,3420.0,3433.76,3442.08,3406.83,17.435714285714248,0.7891847603441355,0.7891847603441355,17.43957142857142,0.9997788281166788,102049.605,49297.8385,2.070062463286296,35.25,25.700000000000273,0.7290780141844049,0.763971631205682,0.763971631205682,1,,0.8838574423480091,4.633134565363389,7.4883267812332805
XRP_USDT,buy,2025-01-15 21:30:00,2025-01-15 21:45:00,3.0015,3.039728571428572,0.6496500000000093,TAKE_PROFIT,2.5112107623318454,-0.3452914798206252,1,0.2815345220030351,38.51682012426122,34.571517747247825,47.87831331838832,2025-01-14,2025-01-15 21:45:00,TAKE_PROFIT,0.647990682639843,0.5612895293026412,86.39875768531259,86.96004721461523,1,2.9936,3.0015,3.0031,2.97,0.02548571428571424,0.3099775784753463,0.3099775784753463,0.028553571428571428,0.892557848655408,21898496.3,20448153.5,1.070927812626211,0.033099999999999685,0.016900000000000137,0.5105740181268972,0.9516616314199444,0.9516616314199444,2,,0.4598046581517658,2.1541471292146737,4.100511334644462
DOGE_USDT,buy,2025-01-15 22:30:00,2025-01-15 23:30:00,0.38212,0.3856192857142857,0.6496499999999993,TAKE_PROFIT,2.3576240048989634,-1.204531537048393,4,0.3297135811836147,39.98553500190349,44.46627305792507,34.85216804535496,2025-01-14,2025-01-15 23:30:00,TAKE_PROFIT,0.6522003541096132,0.5649359467297472,86.96004721461523,87.52498316134498,4,0.37877,0.38212,0.3824,0.37726,0.0023328571428571404,1.4360073484384668,1.4360073484384668,0.00211221428571428,1.1044604511176508,96474831.0,54579248.6,1.7676100986117276,0.005140000000000033,0.0046800000000000175,0.9105058365758729,0.9455252918287936,0.9455252918287936,3,,0.7060881735479335,2.8586100682115636,5.123560561794262
XRP_USDT,buy,2025-01-16 12:45:00,2025-01-16 14:30:00,3.3383,3.2302,-1.0994749999999855,HARD_SL,0.9195189639222952,-2.22201665124884,7,0.3419512195121998,35.952095879276186,32.31831898468514,38.57587580842369,2025-01-15,2025-01-16 14:30:00,HARD_SL,-0.8752498316134483,-0.962315308613185,87.52498316134498,86.56266785273179,7,3.2832,3.3383,3.3484,3.2546,0.05405000000000003,1.019426456984272,1.019426456984272,0.044207142857142875,1.222653094199386,118016306.4,49399953.185,2.388996320665238,0.09379999999999988,0.07779999999999987,0.8294243070362469,0.892324093816631,0.892324093816631,2,,0.7720496894409938,3.2297783632768056,4.38797729587051
SOL_USDT,buy,2025-01-18 10:15:00,2025-01-18 15:15:00,241.9,246.4782142857143,0.6496500000000122,TAKE_PROFIT,1.808565410718456,-1.4022934706295322,20,0.3486907289455039,34.549247220881846,30.4891074793317,47.05506739011938,2025-01-17,2025-01-18 15:15:00,TAKE_PROFIT,0.6492200088954887,0.5623543717052826,86.56266785273179,87.12502222443707,20,241.75,241.9,243.6,239.22,3.0521428571428624,0.04914579920430789,0.04914579920430789,3.426500000000005,0.8907464926726566,875256.0,693142.8,1.2627354709592309,4.3799999999999955,1.5500000000000114,0.35388127853881574,0.6118721461187236,0.6118721461187236,3,,0.6749448123620317,2.102873728260837,4.070637676681761
ETH_USDT,buy,2025-02-17 10:00:00,2025-02-17 14:00:00,2758.67,2783.7478571428574,0.6496500000000126,TAKE_PROFIT,3.4883363240194587,-1.105357600615226,16,0.2614093372967329,37.668229440967735,31.97820969207096,32.13886651178285,2025-02-16,2025-02-17 14:00:00,TAKE_PROFIT,0.6534376666832805,0.5660077068810665,87.12502222443707,87.69102993131814,16,2741.95,2758.67,2766.0,2730.2,16.718571428571458,1.000085448175695,1.000085448175695,14.138785714285751,1.1824616177384388,122878.043,39866.490900000004,3.082238748030868,35.80000000000018,26.269999999999982,0.73379888268156,0.7952513966480478,0.7952513966480478,1,,0.815425807566071,3.2826353860263335,4.167103576329899
ETH_USDT,buy,2025-02-21 07:15:00,2025-02-21 08:15:00,2763.95,2750.2585714285715,-1.099474999999995,HARD_SL,0.4133973288815301,-2.541736227045054,4,0.3037926434152755,40.36360296277934,31.48310467639139,24.111870673272502,2025-02-20,2025-02-21 08:15:00,HARD_SL,-0.8769102993131773,-0.964140951337356,87.69102993131814,86.72688897998079,4,2763.0,2763.95,2768.93,2758.42,6.845714285714199,0.13877295492484998,0.13877295492484998,6.949999999999967,0.9849948612538463,25630.778,14262.5959,1.797062623081118,10.509999999999764,2.119999999999891,0.20171265461464685,0.5261655566127373,0.5261655566127373,1,,0.6908199400708158,1.8093805201881645,2.8334631742989367
SOL_USDT,buy,2025-02-21 09:00:00,2025-02-21 09:15:00,177.76,179.16796428571428,0.6496500000000126,TAKE_PROFIT,2.737995586332876,-0.0319610379727582,1,0.2271031910484967,42.3334876592328,33.3350625678402,31.362740954286565,2025-02-20,2025-02-21 09:15:00,TAKE_PROFIT,0.6504516673498564,0.5634212342584561,86.72688897998079,87.29031021423924,1,177.49,177.76,177.94,176.17,0.9386428571428566,0.287649341754794,0.287649341754794,0.8918285714285705,1.052492471326969,222473.0,144115.7,1.5437110599330952,1.7700000000000102,1.4599999999999795,0.8248587570621305,0.8983050847457594,0.8983050847457594,2,,0.7770700636942655,2.102999056286697,3.0310475493519062
XRP_USDT,buy,2025-03-24 05:15:00,2025-03-24 07:30:00,2.465,2.444071428571428,-1.0994750000000064,HARD_SL,0.3440273037542706,-2.8860068259385443,9,0.3034786611428953,44.03766933205423,34.442242044315776,24.480566189551997,2025-03-23,2025-03-24 07:30:00,HARD_SL,-0.8729031021424003,-0.9597351382280124,87.29031021423924,86.33057507601123,9,2.4646,2.465,2.4656,2.4594,0.01046428571428572,0.03822525597269202,0.03822525597269202,0.011532857142857168,0.9073454725628624,5945304.4,6274435.455000007,0.9475441165407597,0.006199999999999761,0.004999999999999893,0.8064516129032396,0.9032258064516199,0.9032258064516199,3,,0.42242990654205376,2.3340063437659073,3.806415258172502
XRP_USDT,buy,2025-04-12 13:15:00,2025-04-12 13:30:00,2.0952,2.109664285714286,0.6496500000000147,TAKE_PROFIT,4.189629629629635,-0.5392592592592927,1,0.3296756888563705,30.466063264149987,42.80501218539273,26.48913633612174,2025-04-11,2025-04-12 13:30:00,TAKE_PROFIT,0.6474793130700899,0.5608465809813197,86.33057507601123,86.89142165699255,1,2.0872,2.0952,2.101,2.0778,0.009642857142857128,0.8296296296296316,0.8296296296296316,0.008843571428571426,1.0903804216137616,23751936.4,5976366.050000006,3.9743108439617707,0.02320000000000011,0.009800000000000253,0.42241379310345717,0.7500000000000095,0.7500000000000095,3,,0.778431372549023,3.074510445775795,4.639187459157505
SOL_USDT,buy,2025-04-12 20:30:00,2025-04-12 21:00:00,133.47,131.5857142857143,-1.099474999999978,HARD_SL,0.0318423047763469,-2.780894617134204,2,0.337057603532484,40.66560197027448,42.38839972493914,60.79036167318338,2025-04-11,2025-04-12 21:00:00,HARD_SL,-0.8689142165699255,-0.9553494582631998,86.89142165699255,85.93607219872935,2,131.49,133.47,134.0,131.29,0.942142857142855,2.1015921152388115,2.1015921152388115,0.9689999999999973,0.9722836503022266,1000797.42,347919.0625,2.8765236742381717,2.710000000000008,2.1299999999999955,0.7859778597785938,0.804428044280443,0.804428044280443,2,,0.43664383561644005,3.305029632693478,5.563902950232103
SOL_USDT,buy,2025-04-23 04:30:00,2025-04-23 06:00:00,150.69,152.025,0.6496500000000155,TAKE_PROFIT,1.741573033707873,-1.063492063492084,9,0.2694036103282798,59.680129841493134,36.69616591185101,41.91548195121772,2025-04-22,2025-04-23 06:00:00,TAKE_PROFIT,0.6441982812197269,0.5580045511925391,85.89310416263,86.45110871382253,9,149.44,150.69,151.17,148.6,0.8900000000000026,1.4044943820224678,1.4044943820224678,0.866785714285716,1.026782035434694,562261.6,232866.217,2.4145262771198794,2.569999999999993,1.9099999999999966,0.7431906614785999,0.8132295719844392,0.8132295719844392,2,,0.4940047961630716,2.4328884587063175,4.327736965917698
ETH_USDT,buy,2025-05-10 17:00:00,2025-05-10 17:30:00,2476.91,2509.284285714285,0.6496500000000127,TAKE_PROFIT,1.625827376224522,-0.3442546994969473,2,0.2749191810344678,31.84277789944117,34.525963279638454,58.05785242438564,2025-05-09,2025-05-10 17:30:00,TAKE_PROFIT,0.6483833153536668,0.5616296277593591,86.45110871382253,87.0127383415819,2,2474.66,2476.91,2482.81,2454.08,21.582857142857165,0.10424940428911825,0.10424940428911825,18.54535714285714,1.1637876249350063,150576.094,103637.5909,1.4529100174211018,28.730000000000018,17.0,0.5917159763313605,0.7946397493908776,0.7946397493908776,1,,0.871205906480719,1.995418573275157,3.2959682535448103
SOL_USDT,buy,2025-06-11 03:15:00,2025-06-11 10:30:00,166.48,164.13285714285715,-1.099474999999987,HARD_SL,0.8180158247109026,-2.027997565429092,29,0.2559111691704692,31.206202426959194,36.84289111912303,34.11128089510695,2025-06-10,2025-06-11 10:30:00,HARD_SL,-0.8701273834158146,-0.9566833048810964,87.0127383415819,86.0560550367008,29,165.94,166.48,167.2,165.24,1.173571428571427,0.46013390139987215,0.46013390139987215,1.0598571428571435,1.1072920878824617,543029.34,251298.24599999998,2.1608958623610928,1.9599999999999795,0.6699999999999875,0.34183673469387477,0.6326530612244865,0.6326530612244865,2,,0.4908136482939567,1.6761350667165384,2.940086284318294
XRP_USDT,buy,2025-07-11 02:15:00,2025-07-11 04:00:00,2.5828,2.554442857142857,-1.0994749999999875,HARD_SL,0.677078085642302,-2.0030226700252087,7,0.3417839211553915,53.33489987694881,34.078237664729286,44.98783191182451,2025-07-10,2025-07-11 04:00:00,HARD_SL,-0.8605605503670136,-0.9461648111147554,86.0560550367008,85.10989022558604,7,2.5682,2.5828,2.5867,2.5658,0.0141785714285715,1.0297229219143644,1.0297229219143644,0.015940000000000055,0.8894963255063646,28711403.5,12935558.695000006,2.2195719703315056,0.02090000000000014,0.015600000000000058,0.7464114832535863,0.8133971291866141,0.8133971291866141,3,,0.6361221779548516,3.0276377911681056,5.059147309428698
XRP_USDT,buy,2025-07-11 12:45:00,2025-07-11 13:30:00,2.6951,2.729707142857143,0.6496500000000219,TAKE_PROFIT,2.3665634674922567,-1.0229102167182722,3,0.231968237629585,64.20709551247052,30.89000228211377,48.5245662885579,2025-07-10,2025-07-11 13:30:00,TAKE_PROFIT,0.6383241766918969,0.5529164018505384,85.10989022558604,85.66280662743658,3,2.6613,2.6951,2.6969,2.6429,0.023071428571428503,1.4650154798761579,1.4650154798761579,0.018887142857142818,1.2215414870282115,43944402.2,19032450.29500001,2.308919845782788,0.053999999999999826,0.052200000000000024,0.9666666666666702,0.9666666666666702,0.9666666666666702,3,,0.9789562289562294,2.992337789453121,4.4487701478475925
SOL_USDT,buy,2025-07-28 05:45:00,2025-07-28 07:00:00,194.3,192.1671428571429,-1.0994749999999822,HARD_SL,0.1781647689216317,-2.3161419959812397,7,0.3344159610254042,43.87868520230959,39.52527100935458,24.99493831288849,2025-07-27,2025-07-28 07:00:00,HARD_SL,-0.8561997522412287,-0.9413702225954096,85.61997522412287,84.67860500152746,7,194.02,194.3,195.32,193.26,1.066428571428574,0.2625586068318826,0.2625586068318826,1.1735714285714278,0.9087035909920904,420506.25,273547.6305,1.5372322883272058,2.0600000000000023,0.6000000000000227,0.2912621359223408,0.5048543689320482,0.5048543689320482,2,,0.6023166023166046,2.1637116750004926,3.8809789384636684
SOL_USDT,buy,2025-08-14 01:30:00,2025-08-14 02:45:00,204.26,206.72535714285715,0.649650000000012,TAKE_PROFIT,2.4580617122990107,-1.4845719252498886,5,0.3587273134662783,36.11528870300799,32.26282380557734,47.57894161822345,2025-08-13,2025-08-14 02:45:00,TAKE_PROFIT,0.6350895375114595,0.5501145573924333,84.67860500152746,85.22871955891989,5,204.0,204.26,204.8,202.82,1.64357142857143,0.15819209039547455,0.15819209039547455,1.4080000000000017,1.1673092532467528,536273.61,306269.4805,1.750986122170929,1.9800000000000182,0.8899999999999864,0.44949494949493846,0.7272727272727194,0.7272727272727194,2,,0.7412731006160127,1.45674754557783,2.2109004419439464
SOL_USDT,buy,2025-08-22 21:00:00,2025-08-22 21:15:00,200.59,202.27214285714285,0.6496500000000092,TAKE_PROFIT,1.7031847133757914,-0.5885350318471301,1,0.2186690354578395,34.510782880096215,57.236069894551264,31.65496749987647,2025-08-21,2025-08-22 21:15:00,TAKE_PROFIT,0.6392153966918958,0.5536883766145309,85.22871955891989,85.78240793553442,1,199.74,200.59,202.09,199.42,1.1214285714285726,0.7579617834394846,0.7579617834394846,1.2885000000000013,0.8703364931537225,1187779.93,485253.45600000006,2.447751613746363,2.670000000000016,0.9699999999999989,0.3632958801498101,0.4382022471910146,0.4382022471910146,2,,0.4953886693017114,3.3023288379145366,7.639550597641023
XRP_USDT,buy,2025-08-26 19:30:00,2025-08-26 19:45:00,3.017,3.038589285714285,0.649650000000012,TAKE_PROFIT,4.446650124069477,-0.1181141439205978,1,0.254177453518474,35.06781500597326,45.29158751324519,22.539643182435537,2025-08-25,2025-08-26 19:45:00,TAKE_PROFIT,0.6433680595165053,0.5572854131532097,85.78240793553442,86.33969334868763,1,2.9892,3.017,3.0231,2.9858,0.01439285714285716,1.9315136476426809,1.9315136476426809,0.012930000000000021,1.113136669981217,28968845.1,7891913.675000006,3.6706996924925157,0.03730000000000011,0.028099999999999792,0.7533512064343085,0.8364611260053626,0.8364611260053626,3,,0.833170731707316,3.9071503179689056,5.578577653774118
ETH_USDT,buy,2025-09-12 05:45:00,2025-09-12 07:30:00,4556.6,4529.912857142857,-1.0994750000000038,HARD_SL,0.4046892564637586,-2.3674321503131583,7,0.2386018237082066,42.38821610080924,32.16406894456984,25.641812101652533,2025-09-11,2025-09-12 07:30:00,HARD_SL,-0.8633969334868806,-0.9492833434454866,86.33969334868763,85.39041000524215,7,4538.6,4556.6,4557.59,4526.17,13.343571428571456,1.3489641882126195,1.3489641882126195,15.19328571428573,0.8782544921158791,123640.463,38719.8849,3.1932032680190123,31.420000000000073,28.980000000000473,0.9223424570337494,0.9684914067473017,0.9684914067473017,1,,0.6400615040536761,3.5428337175618334,5.800966719018763
ETH_USDT,buy,2025-09-12 22:15:00,2025-09-13 03:45:00,4713.61,4748.029642857143,0.649650000000023,TAKE_PROFIT,2.3703035019455463,-1.8852607003890804,22,0.2995823571355879,39.58152487174819,49.16118989037479,44.65331815626416,2025-09-11,2025-09-13 03:45:00,TAKE_PROFIT,0.6404280750393228,0.5547387985990753,85.39041000524215,85.94514880384122,22,4691.25,4713.61,4750.0,4661.99,22.946428571428505,0.9744435797665255,0.9744435797665255,18.72621428571419,1.2253639855511973,212278.089,72540.5275,2.9263378185387476,88.01000000000022,51.60999999999967,0.5864106351550908,0.5865242586069738,0.5865242586069738,1,,0.7659756097560969,3.204512184745183,5.21363293188078
SOL_USDT,buy,2025-09-26 23:30:00,2025-09-27 05:00:00,204.45,202.2942857142857,-1.0994749999999895,HARD_SL,0.825712392312805,-2.0225314777998507,22,0.2085075250836114,38.85938521792944,34.80155821070702,30.342416212044405,2025-09-25,2025-09-27 05:00:00,HARD_SL,-0.8594514880384122,-0.9449454248110244,85.94514880384122,85.0002033790302,22,203.88,204.45,204.57,203.53,1.077857142857141,0.5288270377733544,0.5288270377733544,1.1887857142857143,0.9066874962446659,296887.28,263160.8395,1.128159039787529,1.039999999999992,0.6799999999999784,0.6538461538461381,0.8846153846153794,0.8846153846153794,2,,0.4777397260273956,2.3819828082053154,4.353681281190169
DOGE_USDT,buy,2025-10-02 09:15:00,2025-10-02 11:45:00,0.25821,0.2556528571428571,-1.0994749999999922,HARD_SL,1.0793296089385398,-2.182122905027941,10,0.2736318407960161,58.56170037034984,49.67723160731936,51.47273911594705,2025-10-01,2025-10-02 11:45:00,HARD_SL,-0.8500020337903047,-0.9345559861015856,85.0002033790302,84.06564739292861,10,0.25784,0.25821,0.25869,0.25739,0.0012785714285714306,0.28938547486032024,0.28938547486032024,0.0012743571428571465,1.0033069895185234,77607599.0,59769550.6,1.2984470892106723,0.0012999999999999678,0.0008199999999999874,0.6307692307692366,0.6307692307692366,0.6307692307692366,3,,0.8621745788667665,2.0073352054096922,4.491336829097108
DOGE_USDT,buy,2025-10-02 21:00:00,2025-10-02 21:45:00,0.26159,0.2636332142857142,0.6496500000000132,TAKE_PROFIT,1.7692711064499562,-1.4609334032511885,3,0.3665873959571973,55.06584260305533,31.529823232196517,42.265836472500936,2025-10-01,2025-10-02 21:45:00,TAKE_PROFIT,0.6304923554469585,0.5461324782881718,84.06564739292861,84.61177987121678,3,0.26073,0.26159,0.26234,0.26001,0.0013621428571428435,0.6313581541688373,0.6313581541688373,0.0014447857142857034,0.9427992287536437,91293489.0,69359693.15,1.3162325963952162,0.0023299999999999987,0.0009500000000000064,0.407725321888415,0.6781115879828202,0.6781115879828202,3,,0.5719467956469181,2.3280061865609523,3.6954911985575625
SOL_USDT,buy,2025-10-02 23:15:00,2025-10-03 00:45:00,234.07,231.89571428571423,-1.099474999999995,HARD_SL,0.7726675427069662,-2.1432325886990613,6,0.3826860084230311,53.29950912768677,37.38508211957053,47.42532517562053,2025-10-01,2025-10-03 00:45:00,HARD_SL,-0.8461177987121725,-0.9302853667390564,84.61177987121678,83.68149450447773,6,233.86,234.07,234.58,233.32,1.0871428571428592,0.19316688567672194,0.19316688567672194,1.200785714285717,0.9053595859853664,377026.3,265771.084,1.4186129443638045,1.2600000000000193,0.5999999999999943,0.4761904761904644,0.5952380952380861,0.5952380952380861,2,,0.6342710997442389,1.7193538648334286,4.00538149631057
ETH_USDT,buy,2025-10-26 22:00:00,2025-10-26 22:45:00,4131.55,4158.944285714286,0.649649999999999,TAKE_PROFIT,2.0352784730913767,-0.3767209011264156,3,0.3461072124040125,45.5540267742393,30.38229245746054,41.54565057813216,2025-10-25,2025-10-26 22:45:00,TAKE_PROFIT,0.6276112087835833,0.5436368290483387,83.68149450447773,84.22513133352606,3,4095.69,4131.55,4179.27,4078.8,18.262857142857065,1.9635481852315548,1.9635481852315548,11.087142857142817,1.6472104110295054,259027.146,24858.368450000013,10.42011854160927,100.47000000000025,52.470000000000255,0.5222454464019123,0.5250323479645652,0.5250323479645652,1,,0.564738510301108,3.2353603978473773,4.488815373383294
XRP_USDT,buy,2025-11-10 09:45:00,2025-11-10 11:00:00,2.5378,2.5641892857142854,0.6496500000000114,TAKE_PROFIT,1.972391392610637,-0.9094600081201804,5,0.3621977465502062,49.18455283512165,46.00455516671956,45.99987228103123,2025-11-09,2025-11-10 11:00:00,TAKE_PROFIT,0.6316884850014424,0.5471685657082617,84.22513133352606,84.77229989923433,5,2.5245,2.5378,2.544,2.522,0.017592857142857125,0.7559886317498791,0.7559886317498791,0.016201428571428582,1.0858830790935525,16356419.2,6909574.715000006,2.3672107003187652,0.02200000000000024,0.014799999999999702,0.6727272727272519,0.7181818181818119,0.7181818181818119,3,,0.7061611374407574,3.215451326370155,5.739505007100257
XRP_USDT,buy,2025-11-13 03:15:00,2025-11-13 03:30:00,2.4328,2.4598321428571426,0.6496500000000114,TAKE_PROFIT,3.1684502576298312,-1.883438562408936,4,0.2479644280187154,33.754487486541265,32.43017033198839,27.00364144586496,2025-11-12,2025-11-13 03:30:00,TAKE_PROFIT,0.6354743531196358,0.5504478846722378,84.72991374928472,85.28036163395696,4,2.4246,2.4328,2.4342,2.3887,0.018021428571428473,0.4550138723741594,0.4550138723741594,0.015005714285714209,1.2009710586443256,15589729.3,5158964.310000006,3.02187190358756,0.045500000000000096,0.03620000000000001,0.7956043956043941,0.9692307692307629,0.9692307692307629,3,,0.885517241379308,1.8759164191167215,2.4394037194954254
ETH_USDT,buy,2025-12-03 14:30:00,2025-12-03 14:45:00,3130.27,3085.2414285714285,-1.0994749999999884,HARD_SL,0.0430837563451688,-2.6907360406091354,1,0.2934728697549887,38.27075412047933,37.14624751086104,47.359874021002895,2025-12-02,2025-12-03 14:45:00,HARD_SL,-0.8528036163395708,-0.9376362560749384,85.28036163395696,84.34272537788202,1,3094.99,3130.27,3145.14,3054.0,22.514285714285702,1.5670050761421417,1.5670050761421417,14.349214285714277,1.569025680848628,407250.952,76697.9918,5.309799415113239,91.13999999999987,57.75999999999976,0.633750274303268,0.83684441518543,0.83684441518543,1,,0.6874240055584522,2.437049593680612,3.3663824025435876
ETH_USDT,buy,2025-12-15 09:45:00,2025-12-15 10:15:00,3152.44,3167.854642857143,0.6496500000000219,TAKE_PROFIT,2.093139639952714,-0.27149509974282,2,0.3604378420641255,37.36140868238618,35.014280752988626,25.3108685831556,2025-12-14,2025-12-15 10:15:00,TAKE_PROFIT,0.6325704403341218,0.547932515417429,84.34272537788202,84.89065789329945,2,3149.0,3152.44,3162.0,3141.6,10.276428571428564,0.3347466462778953,0.3347466462778953,9.020642857142857,1.1392124413052593,81267.891,26018.49335000002,3.1234664477603173,20.40000000000009,7.300000000000182,0.3578431372549093,0.5313725490196126,0.5313725490196126,1,,0.6206896551724148,2.0042839979668474,3.5201075106737636
XRP_USDT,buy,2025-12-20 09:15:00,2025-12-20 09:30:00,1.9403,1.9496642857142856,0.6496500000000102,TAKE_PROFIT,2.787185354691091,0.0,1,0.2227966518956195,31.08297260242464,33.0722470825516,31.77772348933535,2025-12-19,2025-12-20 09:30:00,TAKE_PROFIT,0.6366799341997463,0.5514921590038284,84.89065789329945,85.44215005230328,1,1.9388,1.9403,1.9414,1.9311,0.006242857142857138,0.24027459954230784,0.24027459954230784,0.004941428571428567,1.263370916449841,5579093.5,3236807.625000006,1.7236407430917338,0.010299999999999976,0.008199999999999985,0.7961165048543694,0.8932038834951356,0.8932038834951356,3,,0.9658536585365837,3.438618335074009,5.095747233392181
SOL_USDT,buy,2026-01-02 08:45:00,2026-01-02 09:00:00,127.92,128.41392857142858,0.6496500000000308,TAKE_PROFIT,3.8264642082429545,-0.4251626898047727,1,0.3813856960408627,34.06011472543424,36.85921918321029,27.67702425055009,2026-01-01,2026-01-02 09:00:00,TAKE_PROFIT,0.6408161253922877,0.5550749278148146,85.44215005230328,85.99722498011809,1,127.88,127.92,127.95,127.74,0.32928571428571524,0.12147505422995357,0.12147505422995357,0.34471428571428653,0.9552424368006636,118530.71,122819.20199999998,0.9650828866320108,0.21000000000000796,0.14000000000000057,0.6666666666666441,0.8571428571428571,0.8571428571428571,2,,0.3306451612903174,2.0006400212673925,3.65235793088152
DOGE_USDT,buy,2026-01-02 21:45:00,2026-01-02 22:00:00,0.14131,0.1427135714285714,0.6496500000000142,TAKE_PROFIT,3.3022900763359018,-1.1468411277132566,23,0.2221447496862384,35.72981047583142,42.9814770770482,54.95275042007776,2026-01-01,2026-01-02 22:00:00,TAKE_PROFIT,0.6443343694083309,0.5581224307815091,85.91124925444423,86.46937168522574,23,0.14059,0.14131,0.14228,0.14025,0.0009357142857142818,0.7694656488549634,0.7694656488549634,0.00097507142857143,0.9596366566551847,148450570.0,85037512.5,1.7457068725993132,0.0020299999999999763,0.0010300000000000031,0.5073891625615838,0.5221674876847241,0.5221674876847241,3,,0.6053169734151337,2.5219621917217268,5.748276582922547
XRP_USDT,buy,2026-01-06 01:00:00,2026-01-06 02:15:00,2.3775,2.4109714285714285,0.6496500000000172,TAKE_PROFIT,1.7925736235595369,-0.7483994878361131,6,0.397504598896264,40.10071702468571,51.22603628743751,54.0760177208234,2026-01-05,2026-01-06 02:15:00,TAKE_PROFIT,0.6481960274953726,0.5614673990165073,86.42613699938313,86.98760439839964,6,2.3737,2.3775,2.394,2.3674,0.022314285714285762,0.17029449423815698,0.17029449423815698,0.021037857142857174,1.0606729365429675,31538678.2,18191646.970000006,1.7336900969995015,0.02660000000000018,0.006399999999999739,0.24060150375938708,0.3796992481202981,0.3796992481202981,3,,0.5924412665985677,2.0524092622204395,4.7709433468202835
XRP_USDT,buy,2026-02-14 19:30:00,2026-02-14 23:15:00,1.4949,1.50765,0.6496500000000072,TAKE_PROFIT,2.094117647058836,-0.9647058823529432,19,0.2836992681304019,44.98679906082309,48.807486449803775,42.61048541876322,2026-02-13,2026-02-14 23:15:00,TAKE_PROFIT,0.6520808294715079,0.5648324144882224,86.94411059620045,87.50894301068867,19,1.4948,1.4949,1.499,1.493,0.008499999999999968,0.01176470588235169,0.01176470588235169,0.008311428571428543,1.022688209006531,8244887.5,6870990.190000008,1.1999562322181092,0.006000000000000005,0.0009999999999998899,0.16666666666664817,0.3166666666666315,0.3166666666666315,3,,0.7710280373831726,2.100418722448373,4.017704234551398
XRP_USDT,buy,2026-02-15 00:15:00,2026-02-15 01:00:00,1.5189,1.533192857142857,0.6496500000000143,TAKE_PROFIT,2.550224887556221,-0.5877061469265188,3,0.2246995572422348,43.693772704377146,56.76836682168168,47.42291194036949,2026-02-14,2026-02-15 01:00:00,TAKE_PROFIT,0.6563170725801635,0.5685018482689514,87.50894301068867,88.07744485895762,3,1.5144,1.5189,1.5251,1.505,0.009528571428571426,0.4722638680659617,0.4722638680659617,0.008574285714285706,1.1112962345884714,15793739.9,7394521.995000008,2.1358702984018896,0.020100000000000007,0.012399999999999967,0.6169154228855702,0.6915422885572149,0.6915422885572149,3,,0.6510416666666645,2.029272021077701,3.8249541928563913
ETH_USDT,buy,2026-03-01 01:45:00,2026-03-01 02:00:00,2011.62,2034.215357142857,0.649649999999999,TAKE_PROFIT,2.723125800180189,-0.2721798093792913,1,0.204368174726989,33.5375352206119,44.15265553127293,31.611957873122613,2026-02-28,2026-03-01 02:00:00,TAKE_PROFIT,0.6605808364421845,0.5721951205262172,88.07744485895762,88.64963997948384,1,1984.22,2011.62,2023.54,1966.08,15.06357142857142,1.8189577504860275,1.8189577504860275,11.932928571428569,1.2623532721580735,368554.748,60529.21860000002,6.088873382548505,57.460000000000036,45.539999999999964,0.7925513400626512,0.7925513400626512,0.7925513400626512,1,,0.5800049309664697,3.4341441996768234,4.827772872078627
ETH_USDT,buy,2026-03-16 12:00:00,2026-03-16 12:15:00,2280.63,2298.152142857143,0.6496500000000164,TAKE_PROFIT,1.8995964290081988,-0.3749541396600314,1,0.2561348181728503,43.56355513049725,37.48091624240829,55.24887527739397,2026-03-15,2026-03-16 12:15:00,TAKE_PROFIT,0.6648722998461374,0.5759123861267312,88.64963997948384,89.22555236561057,1,2279.68,2280.63,2293.0,2268.67,11.681428571428569,0.08132566956098705,0.08132566956098705,11.357000000000024,1.028566397061596,189655.556,69835.86915000003,2.7157327360333987,24.329999999999927,11.809999999999945,0.48540896013152407,0.491574188244968,0.491574188244968,1,,0.2580000000000003,1.6650761372314613,4.070146640806779
XRP_USDT,buy,2026-03-16 18:15:00,2026-03-17 01:00:00,1.5406,1.5577,0.6496500000000025,TAKE_PROFIT,2.815789473684217,-1.798245614035087,27,0.2241013439650175,38.80602736727355,40.28390074837081,54.794426988420255,2026-03-15,2026-03-17 01:00:00,TAKE_PROFIT,0.6691916427420762,0.5796538009431913,89.22555236561057,89.80520616655376,27,1.5281,1.5406,1.5439,1.5224,0.011399999999999981,1.0964912280701733,1.0964912280701733,0.01276499999999998,0.8930669800235017,29290070.4,13747408.535000008,2.1305884905820167,0.021500000000000075,0.01629999999999998,0.7581395348837174,0.8465116279069735,0.8465116279069735,3,,0.8437499999999993,3.1515981952231558,4.664465912389509
XRP_USDT,buy,2026-04-08 05:15:00,2026-04-08 11:30:00,1.385,1.3759571428571429,-1.099474999999998,HARD_SL,0.6413902053712228,-3.07424960505528,25,0.2701511335012594,35.03908071487044,51.12768038095955,37.09812015650263,2026-04-07,2026-04-08 11:30:00,HARD_SL,-0.8980520616655314,-0.9873857904997152,89.80520616655376,88.81782037605404,25,1.3796,1.385,1.3864,1.3793,0.004521428571428597,1.1943127962085398,1.1943127962085398,0.005173571428571455,0.8739472594228915,6478431.9,4990550.0800000075,1.2981398435340399,0.007100000000000106,0.005600000000000049,0.7887323943661924,0.8028169014084441,0.8028169014084441,3,,0.5571955719557212,3.0316267021076664,6.806328562499515
ETH_USDT,buy,2026-04-14 07:00:00,2026-04-14 08:30:00,2381.24,2391.400357142857,0.6496500000000307,TAKE_PROFIT,2.0757144363598625,-1.7583043340714763,6,0.3561817720233438,48.06458588514707,46.11416755128101,48.07797868295116,2026-04-13,2026-04-14 08:30:00,TAKE_PROFIT,0.6661336528204139,0.5770049700730624,88.81782037605404,89.3948253461271,6,2378.0,2381.24,2389.0,2370.14,6.773571428571423,0.47832964251815857,0.47832964251815857,5.8076428571428576,1.1663202430295045,131099.109,28913.225000000024,4.534226430984433,18.860000000000127,9.08999999999969,0.4819724284199167,0.5885471898197155,0.5885471898197155,1,,0.21036151437517364,2.6737442077250684,7.156785821752773
