fetch_timestamp_utc,data_timestamp_utc,symbol,last_price,mark_price,index_price,open_interest,funding_rate
2026-05-11T15:44:23.567828+00:00,2026-05-11T15:00:00+00:00,BTCUSDT,81230.30,81230.50,81269.31,52228.213,0.00001857
2026-05-11T15:44:23.679608+00:00,2026-05-11T15:00:00+00:00,ETHUSDT,2327.99,2328.02,2329.15,775941.48,-0.00000332
2026-05-11T15:44:23.784110+00:00,2026-05-11T15:00:00+00:00,SOLUSDT,95.990,95.995,96.042,7848367.4,0.0001
2026-05-11T16:00:00.782576+00:00,2026-05-11T16:00:00+00:00,BTCUSDT,81403.80,81408.97,81444.99,52212.066,0.0001
2026-05-11T16:00:00.891538+00:00,2026-05-11T16:00:00+00:00,ETHUSDT,2331.51,2332.31,2333.45,768995.48,0
2026-05-11T16:00:00.988611+00:00,2026-05-11T16:00:00+00:00,SOLUSDT,96.740,96.740,96.793,8008062.2,0.0001
2026-05-11T17:00:00.533459+00:00,2026-05-11T17:00:00+00:00,BTCUSDT,81533.10,81535.37,81577.19,51915.222,0.00001821
2026-05-11T17:00:00.637272+00:00,2026-05-11T17:00:00+00:00,ETHUSDT,2328.61,2328.77,2329.89,765352.85,0.00002094
2026-05-11T17:00:00.743299+00:00,2026-05-11T17:00:00+00:00,SOLUSDT,97.280,97.280,97.344,7901969.2,-0.00016362
2026-05-11T18:00:01.449390+00:00,2026-05-11T18:00:00+00:00,BTCUSDT,81891.50,81902.50,81937.69,51795.96,0.0000141
2026-05-11T18:00:01.554650+00:00,2026-05-11T18:00:00+00:00,ETHUSDT,2335.33,2335.68,2336.73,759043.02,0.00004514
2026-05-11T18:00:01.662564+00:00,2026-05-11T18:00:00+00:00,SOLUSDT,97.700,97.720,97.763,7741322,-0.00007807
2026-05-11T23:00:02.201038+00:00,2026-05-11T23:00:00+00:00,BTCUSDT,81768.80,81778.62,81815.10,51926.915,0.00001457
2026-05-11T23:00:02.307421+00:00,2026-05-11T23:00:00+00:00,ETHUSDT,2339.80,2339.94,2341.21,755791.64,0.00004441
2026-05-11T23:00:02.419997+00:00,2026-05-11T23:00:00+00:00,SOLUSDT,97.570,97.586,97.641,7915880.4,-0.00001148
2026-05-11T23:00:52.868072+00:00,2026-05-11T23:00:00+00:00,XRPUSDT,1.4740,1.4741,1.4750,183361177.3,0.00002371
2026-05-11T23:00:52.978620+00:00,2026-05-11T23:00:00+00:00,ADAUSDT,0.2803,0.2803,0.2806,271719584,0.00007729
2026-05-11T23:00:53.087707+00:00,2026-05-11T23:00:00+00:00,DOGEUSDT,0.11137,0.11138,0.11144,1542304667,0.00002679
2026-05-11T23:00:53.194059+00:00,2026-05-11T23:00:00+00:00,LINKUSDT,10.582,10.582,10.590,6867486.6,-0.00002554
2026-05-11T23:00:53.305420+00:00,2026-05-11T23:00:00+00:00,AVAXUSDT,10.137,10.137,10.146,6631086,0.00004782
2026-05-11T23:00:53.414290+00:00,2026-05-11T23:00:00+00:00,BNBUSDT,671.00,671.00,671.15,155630.4,0.0001
2026-05-11T23:00:53.524924+00:00,2026-05-11T23:00:00+00:00,LTCUSDT,58.59,58.59,58.61,998700.4,0.00009183
2026-05-11T23:00:53.632574+00:00,2026-05-11T23:00:00+00:00,BCHUSDT,450.00,450.00,450.42,113789.33,-0.00013828
2026-05-11T23:00:53.742370+00:00,2026-05-11T23:00:00+00:00,APTUSDT,1.1293,1.1298,1.1307,18744480.12,0.0001
2026-05-11T23:00:53.850274+00:00,2026-05-11T23:00:00+00:00,ARBUSDT,0.14089,0.14093,0.14110,277982144.4,0.0001
2026-05-11T23:00:53.962305+00:00,2026-05-11T23:00:00+00:00,OPUSDT,0.15701,0.15701,0.15721,117631217.2,0.0001
2026-05-11T23:00:54.071008+00:00,2026-05-11T23:00:00+00:00,SUIUSDT,1.29610,1.29590,1.29683,69257920,0.00009411
2026-05-11T23:00:54.182888+00:00,2026-05-11T23:00:00+00:00,POLUSDT,0.10291,0.10291,0.10306,157245420,0.00005
2026-05-11T23:00:54.292395+00:00,2026-05-11T23:00:00+00:00,NEARUSDT,1.5506,1.5503,1.5513,41656813.5,0.0001
2026-05-11T23:00:54.401411+00:00,2026-05-11T23:00:00+00:00,DOTUSDT,1.3638,1.3638,1.3648,15587911.3,0.00007308
2026-05-11T23:00:54.512249+00:00,2026-05-11T23:00:00+00:00,TRXUSDT,0.35117,0.35117,0.35138,113519072,0.00003553
2026-05-12T00:02:31.782654+00:00,2026-05-12T00:00:00+00:00,BTCUSDT,81684.00,81684.00,81716.41,51984.693,0.00008026
2026-05-12T00:02:32.050878+00:00,2026-05-12T00:00:00+00:00,ETHUSDT,2337.54,2337.54,2338.69,757696.84,0.00000394
2026-05-12T00:02:32.368233+00:00,2026-05-12T00:00:00+00:00,SOLUSDT,97.270,97.279,97.329,7872925,0.0001
2026-05-12T00:02:32.767240+00:00,2026-05-12T00:00:00+00:00,XRPUSDT,1.4785,1.4786,1.4795,185229482.6,-0.00001863
2026-05-12T00:02:33.042947+00:00,2026-05-12T00:00:00+00:00,ADAUSDT,0.2804,0.2804,0.2806,270502764,-0.00009472
2026-05-12T00:02:33.445837+00:00,2026-05-12T00:00:00+00:00,DOGEUSDT,0.11123,0.11123,0.11130,1542168637,0.0001
2026-05-12T00:02:33.939293+00:00,2026-05-12T00:00:00+00:00,LINKUSDT,10.576,10.578,10.586,6864835.2,0.0001
2026-05-12T00:02:34.412008+00:00,2026-05-12T00:00:00+00:00,AVAXUSDT,10.131,10.130,10.135,6626830.8,0.0001
2026-05-12T00:02:35.186283+00:00,2026-05-12T00:00:00+00:00,BNBUSDT,670.90,670.90,671.09,156702.06,0.0001
2026-05-12T00:02:35.836542+00:00,2026-05-12T00:00:00+00:00,LTCUSDT,58.58,58.58,58.62,999942.4,-0.00001835
2026-05-12T00:02:36.255006+00:00,2026-05-12T00:00:00+00:00,BCHUSDT,449.70,449.70,449.99,113459.37,-0.00008657
2026-05-12T00:02:36.604294+00:00,2026-05-12T00:00:00+00:00,APTUSDT,1.1271,1.1270,1.1279,18639245.56,0.0001
2026-05-12T00:02:36.892039+00:00,2026-05-12T00:00:00+00:00,ARBUSDT,0.14086,0.14086,0.14095,277670338.4,0.0001
2026-05-12T00:02:37.081832+00:00,2026-05-12T00:00:00+00:00,OPUSDT,0.15679,0.15679,0.15694,118431410,-0.00010322
2026-05-12T00:02:37.278832+00:00,2026-05-12T00:00:00+00:00,SUIUSDT,1.29330,1.29340,1.29388,69422540,0.0001
2026-05-12T00:02:37.492046+00:00,2026-05-12T00:00:00+00:00,POLUSDT,0.10302,0.10304,0.10315,157223370,0.00005
2026-05-12T00:02:37.670870+00:00,2026-05-12T00:00:00+00:00,NEARUSDT,1.5474,1.5475,1.5477,41671661.6,0.0001
2026-05-12T00:02:37.851448+00:00,2026-05-12T00:00:00+00:00,DOTUSDT,1.3622,1.3622,1.3628,15669021,-0.00007811
2026-05-12T00:02:38.038525+00:00,2026-05-12T00:00:00+00:00,TRXUSDT,0.35103,0.35106,0.35130,113492778,0.00004845
2026-05-12T01:00:40.059572+00:00,2026-05-12T01:00:00+00:00,BTCUSDT,81530.10,81530.10,81564.96,51506.212,0.00001349
2026-05-12T01:00:40.140835+00:00,2026-05-12T01:00:00+00:00,ETHUSDT,2332.82,2332.82,2333.87,754971.2,-0.00000528
2026-05-12T01:00:40.225796+00:00,2026-05-12T01:00:00+00:00,SOLUSDT,97.510,97.510,97.550,7871904.6,0.00004912
2026-05-12T01:00:40.308812+00:00,2026-05-12T01:00:00+00:00,XRPUSDT,1.4792,1.4791,1.4802,186105484.2,-0.00006098
2026-05-12T01:00:40.389898+00:00,2026-05-12T01:00:00+00:00,ADAUSDT,0.2811,0.2811,0.2813,270658902,-0.00006582
2026-05-12T01:00:40.464876+00:00,2026-05-12T01:00:00+00:00,DOGEUSDT,0.11131,0.11131,0.11138,1543176543,0.00000418
2026-05-12T01:00:40.547768+00:00,2026-05-12T01:00:00+00:00,LINKUSDT,10.568,10.568,10.576,6868371.8,0.0000538
2026-05-12T01:00:40.629889+00:00,2026-05-12T01:00:00+00:00,AVAXUSDT,10.149,10.150,10.158,6629249.8,0.0001
2026-05-12T01:00:40.729128+00:00,2026-05-12T01:00:00+00:00,BNBUSDT,668.70,668.80,669.10,156756.22,0.0001
2026-05-12T01:00:40.842377+00:00,2026-05-12T01:00:00+00:00,LTCUSDT,58.40,58.40,58.43,998817.4,0.00006112
2026-05-12T01:00:40.925919+00:00,2026-05-12T01:00:00+00:00,BCHUSDT,448.90,448.90,449.31,113619.31,-0.0002953
2026-05-12T01:00:41.021901+00:00,2026-05-12T01:00:00+00:00,APTUSDT,1.1308,1.1308,1.1313,18638398.36,0.0001
2026-05-12T01:00:41.108970+00:00,2026-05-12T01:00:00+00:00,ARBUSDT,0.14144,0.14144,0.14158,277878614.4,0.0001
2026-05-12T01:00:41.194134+00:00,2026-05-12T01:00:00+00:00,OPUSDT,0.15747,0.15747,0.15757,118906387,0.00003321
2026-05-12T01:00:41.286309+00:00,2026-05-12T01:00:00+00:00,SUIUSDT,1.30340,1.30350,1.30424,69549350,0.0001
2026-05-12T01:00:41.369251+00:00,2026-05-12T01:00:00+00:00,POLUSDT,0.10274,0.10274,0.10281,158227232,0.00005
2026-05-12T01:00:41.452592+00:00,2026-05-12T01:00:00+00:00,NEARUSDT,1.5398,1.5397,1.5403,41124176.1,0.0001
2026-05-12T01:00:41.538129+00:00,2026-05-12T01:00:00+00:00,DOTUSDT,1.3662,1.3658,1.3671,15657138.8,-0.00004705
2026-05-12T01:00:41.624064+00:00,2026-05-12T01:00:00+00:00,TRXUSDT,0.35052,0.35053,0.35067,113262082,0.0000737
2026-05-12T03:00:16.458705+00:00,2026-05-12T03:00:00+00:00,BTCUSDT,81217.10,81217.10,81252.25,50382.089,-0.00000827
2026-05-12T03:00:16.547017+00:00,2026-05-12T03:00:00+00:00,ETHUSDT,2314.47,2314.48,2315.74,758393.01,-0.00006822
2026-05-12T03:00:16.637348+00:00,2026-05-12T03:00:00+00:00,SOLUSDT,96.500,96.500,96.561,7639195.7,-0.00010274
2026-05-12T03:00:16.726047+00:00,2026-05-12T03:00:00+00:00,XRPUSDT,1.4638,1.4638,1.4645,180275115.7,0.00002128
2026-05-12T03:00:16.819212+00:00,2026-05-12T03:00:00+00:00,ADAUSDT,0.2783,0.2783,0.2785,266934107,-0.00013571
2026-05-12T03:00:16.903352+00:00,2026-05-12T03:00:00+00:00,DOGEUSDT,0.11073,0.11073,0.11081,1546501904,-0.00008092
2026-05-12T03:00:17.083986+00:00,2026-05-12T03:00:00+00:00,LINKUSDT,10.501,10.501,10.508,6865643.8,-0.00001455
2026-05-12T03:00:17.161955+00:00,2026-05-12T03:00:00+00:00,AVAXUSDT,10.055,10.055,10.057,6589078.9,0.00006453
2026-05-12T03:00:17.247044+00:00,2026-05-12T03:00:00+00:00,BNBUSDT,662.40,662.41,662.88,152644.4,0.00004873
2026-05-12T03:00:17.329679+00:00,2026-05-12T03:00:00+00:00,LTCUSDT,58.18,58.19,58.24,994485.4,-0.00005146
2026-05-12T03:00:17.409256+00:00,2026-05-12T03:00:00+00:00,BCHUSDT,444.90,444.92,445.27,113584.55,-0.00015352
2026-05-12T03:00:17.496124+00:00,2026-05-12T03:00:00+00:00,APTUSDT,1.1103,1.1101,1.1108,18384218.3,0.00001743
2026-05-12T03:00:17.582302+00:00,2026-05-12T03:00:00+00:00,ARBUSDT,0.13913,0.13913,0.13921,277101757.7,-0.00011293
2026-05-12T03:00:17.664583+00:00,2026-05-12T03:00:00+00:00,OPUSDT,0.15568,0.15568,0.15577,118193217.9,-0.00002904
2026-05-12T03:00:17.752301+00:00,2026-05-12T03:00:00+00:00,SUIUSDT,1.29540,1.29490,1.29545,69921640,0.0001
2026-05-12T03:00:17.835771+00:00,2026-05-12T03:00:00+00:00,POLUSDT,0.10183,0.10183,0.10191,157761902,-0.00000288
2026-05-12T03:00:17.925496+00:00,2026-05-12T03:00:00+00:00,NEARUSDT,1.5277,1.5277,1.5285,40910710.1,0.0001
2026-05-12T03:00:18.011719+00:00,2026-05-12T03:00:00+00:00,DOTUSDT,1.3549,1.3550,1.3561,15573840.5,-0.00013567
2026-05-12T03:00:18.099369+00:00,2026-05-12T03:00:00+00:00,TRXUSDT,0.34862,0.34866,0.34886,112508223,0.00004923
2026-05-12T04:02:31.885908+00:00,2026-05-12T04:00:00+00:00,BTCUSDT,81014.10,81014.10,81053.44,50245.722,-0.0000157
2026-05-12T04:02:31.974199+00:00,2026-05-12T04:00:00+00:00,ETHUSDT,2307.89,2307.89,2309.16,759192.96,-0.00006856
2026-05-12T04:02:32.054507+00:00,2026-05-12T04:00:00+00:00,SOLUSDT,96.050,96.050,96.096,7622542.5,-0.00009323
2026-05-12T04:02:32.132019+00:00,2026-05-12T04:00:00+00:00,XRPUSDT,1.4595,1.4595,1.4602,179817382.4,0.00002849
2026-05-12T04:02:32.210804+00:00,2026-05-12T04:00:00+00:00,ADAUSDT,0.2767,0.2767,0.2770,266045129,-0.00012053
2026-05-12T04:02:32.284766+00:00,2026-05-12T04:00:00+00:00,DOGEUSDT,0.10998,0.10998,0.11006,1538612137,-0.00011601
2026-05-12T04:02:32.360798+00:00,2026-05-12T04:00:00+00:00,LINKUSDT,10.446,10.450,10.456,6857865.4,0.00000984
2026-05-12T04:02:32.444082+00:00,2026-05-12T04:00:00+00:00,AVAXUSDT,10.001,10.003,10.009,6621100.2,0.00009765
2026-05-12T04:02:32.530178+00:00,2026-05-12T04:00:00+00:00,BNBUSDT,661.80,661.80,662.31,152726.58,-0.00002411
2026-05-12T04:02:32.611340+00:00,2026-05-12T04:00:00+00:00,LTCUSDT,58.01,58.01,58.05,994400.6,-0.00007415
2026-05-12T04:02:32.692193+00:00,2026-05-12T04:00:00+00:00,BCHUSDT,445.00,445.00,445.36,113456.31,-0.00014091
2026-05-12T04:02:32.777499+00:00,2026-05-12T04:00:00+00:00,APTUSDT,1.1000,1.1000,1.1011,18494866.72,0.00004255
2026-05-12T04:02:32.858032+00:00,2026-05-12T04:00:00+00:00,ARBUSDT,0.13824,0.13825,0.13846,275838041.2,-0.00007998
2026-05-12T04:02:32.945747+00:00,2026-05-12T04:00:00+00:00,OPUSDT,0.15479,0.15479,0.15497,118094622.6,-0.00009031
2026-05-12T04:02:33.034972+00:00,2026-05-12T04:00:00+00:00,SUIUSDT,1.28410,1.28420,1.28467,69780380,0.0001
2026-05-12T04:02:33.129887+00:00,2026-05-12T04:00:00+00:00,POLUSDT,0.10136,0.10139,0.10151,158006682,-0.00025286
2026-05-12T04:02:33.209765+00:00,2026-05-12T04:00:00+00:00,NEARUSDT,1.5193,1.5196,1.5209,40882135.3,0.0001
2026-05-12T04:02:33.296451+00:00,2026-05-12T04:00:00+00:00,DOTUSDT,1.3450,1.3450,1.3463,15543558.4,-0.00017112
2026-05-12T04:02:33.376454+00:00,2026-05-12T04:00:00+00:00,TRXUSDT,0.34840,0.34840,0.34858,112347860,0.0001
2026-05-12T06:00:02.604990+00:00,2026-05-12T06:00:00+00:00,BTCUSDT,81163.80,81169.02,81211.52,50383.796,-0.00001889
2026-05-12T06:00:02.690233+00:00,2026-05-12T06:00:00+00:00,ETHUSDT,2308.40,2308.78,2310.10,764215.82,-0.00007395
2026-05-12T06:00:02.774780+00:00,2026-05-12T06:00:00+00:00,SOLUSDT,96.480,96.474,96.543,7606778.5,-0.00009604
2026-05-12T06:00:02.855810+00:00,2026-05-12T06:00:00+00:00,XRPUSDT,1.4609,1.4612,1.4617,182047755.9,0.0000465
2026-05-12T06:00:02.937825+00:00,2026-05-12T06:00:00+00:00,ADAUSDT,0.2773,0.2774,0.2775,269531970,0.0000093
2026-05-12T06:00:03.022258+00:00,2026-05-12T06:00:00+00:00,DOGEUSDT,0.11030,0.11030,0.11037,1531913769,-0.00012174
2026-05-12T06:00:03.105487+00:00,2026-05-12T06:00:00+00:00,LINKUSDT,10.477,10.479,10.487,6868764.4,-0.00004559
2026-05-12T06:00:03.189769+00:00,2026-05-12T06:00:00+00:00,AVAXUSDT,10.033,10.034,10.038,6618150.5,0.0001
2026-05-12T06:00:03.274464+00:00,2026-05-12T06:00:00+00:00,BNBUSDT,661.80,661.84,662.30,152944.66,-0.00008415
2026-05-12T06:00:03.357068+00:00,2026-05-12T06:00:00+00:00,LTCUSDT,58.24,58.24,58.28,994491.8,-0.00006017
2026-05-12T06:00:03.439981+00:00,2026-05-12T06:00:00+00:00,BCHUSDT,445.30,445.30,445.55,113787.67,-0.00004746
2026-05-12T06:00:03.523251+00:00,2026-05-12T06:00:00+00:00,APTUSDT,1.1203,1.1203,1.1212,18557609.7,0.0000625
2026-05-12T06:00:03.606382+00:00,2026-05-12T06:00:00+00:00,ARBUSDT,0.13954,0.13957,0.13971,279019440,-0.00007908
2026-05-12T06:00:03.687300+00:00,2026-05-12T06:00:00+00:00,OPUSDT,0.15604,0.15607,0.15621,118252593.4,0.00001425
2026-05-12T06:00:03.769837+00:00,2026-05-12T06:00:00+00:00,SUIUSDT,1.28650,1.28653,1.28723,69385800,0.0001
2026-05-12T06:00:03.860428+00:00,2026-05-12T06:00:00+00:00,POLUSDT,0.10202,0.10202,0.10212,158233268,0.00005
2026-05-12T06:00:04.185055+00:00,2026-05-12T06:00:00+00:00,NEARUSDT,1.5390,1.5385,1.5400,40665471,0.00001161
2026-05-12T06:00:04.281514+00:00,2026-05-12T06:00:00+00:00,DOTUSDT,1.3577,1.3580,1.3588,15584068.5,-0.00012002
2026-05-12T06:00:04.361389+00:00,2026-05-12T06:00:00+00:00,TRXUSDT,0.34868,0.34870,0.34884,112051820,0.00009988
2026-05-12T07:20:35.531671+00:00,2026-05-12T07:00:00+00:00,BTCUSDT,80999.90,80999.90,81042.11,50898.634,-0.00002188
2026-05-12T07:20:35.657840+00:00,2026-05-12T07:00:00+00:00,ETHUSDT,2301.91,2301.91,2302.91,782691.64,-0.00006335
2026-05-12T07:20:35.737280+00:00,2026-05-12T07:00:00+00:00,SOLUSDT,96.160,96.154,96.200,7699440.3,-0.00008747
2026-05-12T07:20:35.823530+00:00,2026-05-12T07:00:00+00:00,XRPUSDT,1.4619,1.4620,1.4627,180310690.3,0.0000398
2026-05-12T07:20:35.905951+00:00,2026-05-12T07:00:00+00:00,ADAUSDT,0.2764,0.2765,0.2766,268581995,0.00006575
2026-05-12T07:20:35.990033+00:00,2026-05-12T07:00:00+00:00,DOGEUSDT,0.11016,0.11019,0.11024,1525623749,-0.0000682
2026-05-12T07:20:36.074850+00:00,2026-05-12T07:00:00+00:00,LINKUSDT,10.440,10.443,10.448,6857528.8,-0.00003607
2026-05-12T07:20:36.171873+00:00,2026-05-12T07:00:00+00:00,AVAXUSDT,10.007,10.010,10.015,6555170.3,0.0001
2026-05-12T07:20:36.318321+00:00,2026-05-12T07:00:00+00:00,BNBUSDT,660.20,660.20,660.55,153222.59,-0.00010367
2026-05-12T07:20:36.399450+00:00,2026-05-12T07:00:00+00:00,LTCUSDT,58.28,58.28,58.33,991500.2,-0.00008218
2026-05-12T07:20:36.485201+00:00,2026-05-12T07:00:00+00:00,BCHUSDT,448.00,448.00,448.24,113256.27,-0.00001702
2026-05-12T07:20:36.568210+00:00,2026-05-12T07:00:00+00:00,APTUSDT,1.1099,1.1099,1.1103,18450869.96,0.0001
2026-05-12T07:20:36.653787+00:00,2026-05-12T07:00:00+00:00,ARBUSDT,0.13887,0.13887,0.13899,280466379.6,-0.00003067
2026-05-12T07:20:36.739569+00:00,2026-05-12T07:00:00+00:00,OPUSDT,0.15632,0.15636,0.15648,118625500,-0.00003538
2026-05-12T07:20:36.824214+00:00,2026-05-12T07:00:00+00:00,SUIUSDT,1.28350,1.28350,1.28422,70732200,0.0001
2026-05-12T07:20:36.907618+00:00,2026-05-12T07:00:00+00:00,POLUSDT,0.10197,0.10198,0.10210,158051022,0.00005
2026-05-12T07:20:36.990123+00:00,2026-05-12T07:00:00+00:00,NEARUSDT,1.5674,1.5675,1.5677,42038719,0.00006993
2026-05-12T07:20:37.070256+00:00,2026-05-12T07:00:00+00:00,DOTUSDT,1.3570,1.3571,1.3579,15532323.4,-0.00006879
2026-05-12T07:20:37.153311+00:00,2026-05-12T07:00:00+00:00,TRXUSDT,0.34919,0.34919,0.34939,112154590,0.0001
2026-05-12T08:00:00.800231+00:00,2026-05-12T08:00:00+00:00,BTCUSDT,80822.40,80822.40,80862.51,51340.989,0.0001
2026-05-12T08:00:00.883721+00:00,2026-05-12T08:00:00+00:00,ETHUSDT,2294.01,2294.15,2295.30,780971.67,-0.00005157
2026-05-12T08:00:00.968449+00:00,2026-05-12T08:00:00+00:00,SOLUSDT,95.990,96.007,96.049,7698978.2,-0.00005764
2026-05-12T08:00:01.051128+00:00,2026-05-12T08:00:00+00:00,XRPUSDT,1.4622,1.4623,1.4629,179651489.2,0.00004506
2026-05-12T08:00:01.139785+00:00,2026-05-12T08:00:00+00:00,ADAUSDT,0.2767,0.2767,0.2769,267081440,0.00007403
2026-05-12T08:00:01.227311+00:00,2026-05-12T08:00:00+00:00,DOGEUSDT,0.10986,0.10985,0.10990,1520573273,-0.00004229
2026-05-12T08:00:01.312881+00:00,2026-05-12T08:00:00+00:00,LINKUSDT,10.431,10.431,10.438,6855787.7,-0.00002928
2026-05-12T08:00:01.396511+00:00,2026-05-12T08:00:00+00:00,AVAXUSDT,10.007,10.012,10.016,6602001.8,0.0001
2026-05-12T08:00:01.479050+00:00,2026-05-12T08:00:00+00:00,BNBUSDT,658.10,658.10,658.61,152253.32,-0.00010221
2026-05-12T08:00:01.560647+00:00,2026-05-12T08:00:00+00:00,LTCUSDT,58.37,58.37,58.41,990200.8,-0.00008855
2026-05-12T08:00:01.651237+00:00,2026-05-12T08:00:00+00:00,BCHUSDT,448.20,448.30,448.59,113103.07,-0.00002151
2026-05-12T08:00:01.738479+00:00,2026-05-12T08:00:00+00:00,APTUSDT,1.1113,1.1113,1.1119,18427271.34,0.0001
2026-05-12T08:00:01.825571+00:00,2026-05-12T08:00:00+00:00,ARBUSDT,0.13873,0.13877,0.13888,280462763.6,-0.00000405
2026-05-12T08:00:01.910496+00:00,2026-05-12T08:00:00+00:00,OPUSDT,0.15624,0.15628,0.15645,120018006.4,-0.00002004
2026-05-12T08:00:01.999288+00:00,2026-05-12T08:00:00+00:00,SUIUSDT,1.27620,1.27640,1.27735,70026280,0.0001
2026-05-12T08:00:02.084412+00:00,2026-05-12T08:00:00+00:00,POLUSDT,0.10180,0.10180,0.10183,158157106,0.00005
2026-05-12T08:00:02.169613+00:00,2026-05-12T08:00:00+00:00,NEARUSDT,1.5793,1.5796,1.5815,42418043.3,0.000085
2026-05-12T08:00:02.252056+00:00,2026-05-12T08:00:00+00:00,DOTUSDT,1.3570,1.3571,1.3578,15515064.8,-0.00004012
2026-05-12T08:00:02.342372+00:00,2026-05-12T08:00:00+00:00,TRXUSDT,0.34885,0.34888,0.34906,112360750,0.0001
2026-05-12T09:00:44.614856+00:00,2026-05-12T09:00:00+00:00,BTCUSDT,80789.00,80789.00,80827.34,51681.108,0
2026-05-12T09:00:44.754238+00:00,2026-05-12T09:00:00+00:00,ETHUSDT,2286.58,2286.63,2287.64,791849.94,-0.00002719
2026-05-12T09:00:44.841640+00:00,2026-05-12T09:00:00+00:00,SOLUSDT,95.590,95.599,95.636,7716594.5,0.0001
2026-05-12T09:00:44.933215+00:00,2026-05-12T09:00:00+00:00,XRPUSDT,1.4641,1.4643,1.4651,180101854.9,0.0000708
2026-05-12T09:00:45.021315+00:00,2026-05-12T09:00:00+00:00,ADAUSDT,0.2760,0.2760,0.2762,267681821,0.0001
2026-05-12T09:00:45.108182+00:00,2026-05-12T09:00:00+00:00,DOGEUSDT,0.10970,0.10971,0.10976,1546990208,0.00009345
2026-05-12T09:00:45.195653+00:00,2026-05-12T09:00:00+00:00,LINKUSDT,10.367,10.369,10.376,6879704.8,0.0000209
2026-05-12T09:00:45.280187+00:00,2026-05-12T09:00:00+00:00,AVAXUSDT,9.954,9.959,9.963,6605408.8,0.0001
2026-05-12T09:00:45.366273+00:00,2026-05-12T09:00:00+00:00,BNBUSDT,659.00,659.00,659.53,152109.69,-0.00015908
2026-05-12T09:00:45.455785+00:00,2026-05-12T09:00:00+00:00,LTCUSDT,58.10,58.10,58.13,992918,-0.00011545
2026-05-12T09:00:45.543481+00:00,2026-05-12T09:00:00+00:00,BCHUSDT,444.90,444.90,445.12,112782.05,0.00004876
2026-05-12T09:00:45.631072+00:00,2026-05-12T09:00:00+00:00,APTUSDT,1.1038,1.1038,1.1042,18611835.57,0.00009405
2026-05-12T09:00:45.717308+00:00,2026-05-12T09:00:00+00:00,ARBUSDT,0.13833,0.13833,0.13838,280354992.9,0.0001
2026-05-12T09:00:45.805924+00:00,2026-05-12T09:00:00+00:00,OPUSDT,0.15566,0.15572,0.15587,120122807.7,-0.00016008
2026-05-12T09:00:45.893257+00:00,2026-05-12T09:00:00+00:00,SUIUSDT,1.27430,1.27436,1.27527,69175030,-0.00013038
2026-05-12T09:00:45.979696+00:00,2026-05-12T09:00:00+00:00,POLUSDT,0.10183,0.10185,0.10191,157956818,0.00005
2026-05-12T09:00:46.066341+00:00,2026-05-12T09:00:00+00:00,NEARUSDT,1.5681,1.5681,1.5687,42611841.2,0.0001
2026-05-12T09:00:46.154056+00:00,2026-05-12T09:00:00+00:00,DOTUSDT,1.3460,1.3460,1.3467,15519225.2,-0.00001673
2026-05-12T09:00:46.244564+00:00,2026-05-12T09:00:00+00:00,TRXUSDT,0.34955,0.34958,0.34972,112600204,0.0001
2026-05-12T10:52:18.680172+00:00,2026-05-12T10:00:00+00:00,BTCUSDT,80640.10,80650.58,80681.25,52015.117,0.00007571
2026-05-12T10:52:18.925516+00:00,2026-05-12T10:00:00+00:00,ETHUSDT,2284.92,2285.01,2286.04,800168.94,0.00000397
2026-05-12T10:52:19.120246+00:00,2026-05-12T10:00:00+00:00,SOLUSDT,95.010,95.019,95.055,7581371.8,0.0001
2026-05-12T10:52:19.405332+00:00,2026-05-12T10:00:00+00:00,XRPUSDT,1.4488,1.4488,1.4494,179765370.6,0.00000982
2026-05-12T10:52:19.656033+00:00,2026-05-12T10:00:00+00:00,ADAUSDT,0.2740,0.2740,0.2741,266998319,0.00002826
2026-05-12T10:52:19.897243+00:00,2026-05-12T10:00:00+00:00,DOGEUSDT,0.10899,0.10899,0.10904,1566697907,0.00009561
2026-05-12T10:52:20.115028+00:00,2026-05-12T10:00:00+00:00,LINKUSDT,10.264,10.264,10.271,6830275.4,-0.0001033
2026-05-12T10:52:20.303455+00:00,2026-05-12T10:00:00+00:00,AVAXUSDT,9.850,9.851,9.857,6517315.8,0.00001163
2026-05-12T10:52:20.493356+00:00,2026-05-12T10:00:00+00:00,BNBUSDT,660.50,660.60,661.08,152962.54,-0.00012277
2026-05-12T10:52:20.738016+00:00,2026-05-12T10:00:00+00:00,LTCUSDT,57.85,57.86,57.90,995745.4,-0.00007392
2026-05-12T10:52:20.955424+00:00,2026-05-12T10:00:00+00:00,BCHUSDT,440.30,440.30,440.48,112401.85,0.00008262
2026-05-12T10:52:21.124022+00:00,2026-05-12T10:00:00+00:00,APTUSDT,1.0935,1.0935,1.0941,18647958.63,0.00009369
2026-05-12T10:52:21.382041+00:00,2026-05-12T10:00:00+00:00,ARBUSDT,0.13720,0.13717,0.13724,279538939.2,0.00001261
2026-05-12T10:52:21.692349+00:00,2026-05-12T10:00:00+00:00,OPUSDT,0.15422,0.15422,0.15436,120518835.4,0.00009617
2026-05-12T10:52:21.953570+00:00,2026-05-12T10:00:00+00:00,SUIUSDT,1.25240,1.25251,1.25320,67977560,-0.00003417
2026-05-12T10:52:22.128880+00:00,2026-05-12T10:00:00+00:00,POLUSDT,0.10144,0.10144,0.10151,157419358,0.00005
2026-05-12T10:52:22.375448+00:00,2026-05-12T10:00:00+00:00,NEARUSDT,1.5680,1.5684,1.5696,43491391.2,-0.00000235
2026-05-12T10:52:22.528581+00:00,2026-05-12T10:00:00+00:00,DOTUSDT,1.3351,1.3351,1.3356,15511652.6,0.0001
2026-05-12T10:52:22.702705+00:00,2026-05-12T10:00:00+00:00,TRXUSDT,0.34849,0.34849,0.34878,111997060,0.00009032
2026-05-12T12:00:08.241028+00:00,2026-05-12T12:00:00+00:00,BTCUSDT,80736.80,80740.12,80781.41,52110.677,0.00006857
2026-05-12T12:00:08.665074+00:00,2026-05-12T12:00:00+00:00,ETHUSDT,2285.04,2285.24,2286.54,803051.19,-0.00001044
2026-05-12T12:00:08.865472+00:00,2026-05-12T12:00:00+00:00,SOLUSDT,94.910,94.915,94.955,7501739.6,0.0001
2026-05-12T12:00:09.063193+00:00,2026-05-12T12:00:00+00:00,XRPUSDT,1.4477,1.4479,1.4487,180274182.1,0.00004732
2026-05-12T12:00:09.368159+00:00,2026-05-12T12:00:00+00:00,ADAUSDT,0.2740,0.2741,0.2743,265875347,-0.0000331
2026-05-12T12:00:10.801256+00:00,2026-05-12T12:00:00+00:00,DOGEUSDT,0.10934,0.10935,0.10941,1561388266,0.00005708
2026-05-12T12:00:11.037244+00:00,2026-05-12T12:00:00+00:00,LINKUSDT,10.258,10.261,10.267,6790588.8,-0.00009814
2026-05-12T12:00:11.278133+00:00,2026-05-12T12:00:00+00:00,AVAXUSDT,9.856,9.858,9.866,6539905.8,0.00002542
2026-05-12T12:00:11.454129+00:00,2026-05-12T12:00:00+00:00,BNBUSDT,662.90,662.90,663.32,153338.34,-0.00008524
2026-05-12T12:00:11.906766+00:00,2026-05-12T12:00:00+00:00,LTCUSDT,57.83,57.83,57.86,990666.1,0.0000402
2026-05-12T12:00:12.127032+00:00,2026-05-12T12:00:00+00:00,BCHUSDT,439.80,439.82,440.16,111724.11,0.00006324
2026-05-12T12:00:12.510689+00:00,2026-05-12T12:00:00+00:00,APTUSDT,1.0906,1.0906,1.0909,18870016.33,0.0001
2026-05-12T12:00:14.236773+00:00,2026-05-12T12:00:00+00:00,ARBUSDT,0.13738,0.13740,0.13746,280812310.5,0.00001051
2026-05-12T12:00:15.689431+00:00,2026-05-12T12:00:00+00:00,OPUSDT,0.15400,0.15400,0.15416,121057501.7,-0.00001083
2026-05-12T12:00:15.902750+00:00,2026-05-12T12:00:00+00:00,SUIUSDT,1.23590,1.23598,1.23635,68383220,0.00007536
2026-05-12T12:00:16.147990+00:00,2026-05-12T12:00:00+00:00,POLUSDT,0.10132,0.10137,0.10145,157048514,0.00005
2026-05-12T12:00:16.339002+00:00,2026-05-12T12:00:00+00:00,NEARUSDT,1.5518,1.5519,1.5528,43504611.1,-0.00000161
2026-05-12T12:00:18.169754+00:00,2026-05-12T12:00:00+00:00,DOTUSDT,1.3302,1.3307,1.3313,15410443.1,0.0001
2026-05-12T12:00:18.546670+00:00,2026-05-12T12:00:00+00:00,TRXUSDT,0.34883,0.34885,0.34909,112164522,0.00004436
2026-05-12T13:51:08.486161+00:00,2026-05-12T13:00:00+00:00,BTCUSDT,80650.30,80650.20,80686.21,53154.837,0.0000415
2026-05-12T13:51:08.586222+00:00,2026-05-12T13:00:00+00:00,ETHUSDT,2274.97,2275.10,2276.13,812335.64,-0.0000124
2026-05-12T13:51:08.687938+00:00,2026-05-12T13:00:00+00:00,SOLUSDT,94.800,94.809,94.846,7529811.6,0.0001
2026-05-12T13:51:08.798165+00:00,2026-05-12T13:00:00+00:00,XRPUSDT,1.4433,1.4434,1.4440,185433710.2,0.0000321
2026-05-12T13:51:08.901848+00:00,2026-05-12T13:00:00+00:00,ADAUSDT,0.2727,0.2728,0.2730,266131557,-0.00007331
2026-05-12T13:51:09.010835+00:00,2026-05-12T13:00:00+00:00,DOGEUSDT,0.10883,0.10883,0.10889,1594479628,0.00003451
2026-05-12T13:51:09.124368+00:00,2026-05-12T13:00:00+00:00,LINKUSDT,10.263,10.264,10.268,6913349.4,-0.00000257
2026-05-12T13:51:09.233178+00:00,2026-05-12T13:00:00+00:00,AVAXUSDT,9.832,9.833,9.839,6602028,0.00000454
2026-05-12T13:51:09.347313+00:00,2026-05-12T13:00:00+00:00,BNBUSDT,658.70,658.70,659.20,154031.96,-0.00008641
2026-05-12T13:51:09.546008+00:00,2026-05-12T13:00:00+00:00,LTCUSDT,57.53,57.53,57.56,993857.2,0.00006457
2026-05-12T13:51:09.652472+00:00,2026-05-12T13:00:00+00:00,BCHUSDT,439.30,439.30,439.60,112232.39,0.00006972
2026-05-12T13:51:09.763960+00:00,2026-05-12T13:00:00+00:00,APTUSDT,1.0747,1.0749,1.0756,18920380.21,0.0001
2026-05-12T13:51:09.869529+00:00,2026-05-12T13:00:00+00:00,ARBUSDT,0.13736,0.13736,0.13744,281161862.2,-0.00008306
2026-05-12T13:51:09.975819+00:00,2026-05-12T13:00:00+00:00,OPUSDT,0.15246,0.15242,0.15256,117952626.7,-0.00012333
2026-05-12T13:51:10.084530+00:00,2026-05-12T13:00:00+00:00,SUIUSDT,1.25510,1.25430,1.25501,71923430,0.0001
2026-05-12T13:51:10.195608+00:00,2026-05-12T13:00:00+00:00,POLUSDT,0.10083,0.10087,0.10100,157638810,0.00005
2026-05-12T13:51:10.306984+00:00,2026-05-12T13:00:00+00:00,NEARUSDT,1.5412,1.5411,1.5420,43713911,0.00004065
2026-05-12T13:51:10.406287+00:00,2026-05-12T13:00:00+00:00,DOTUSDT,1.3252,1.3248,1.3263,15581539,0.00001688
2026-05-12T13:51:10.510222+00:00,2026-05-12T13:00:00+00:00,TRXUSDT,0.34785,0.34785,0.34815,112689729,0.00000919
2026-05-12T14:00:00.941567+00:00,2026-05-12T14:00:00+00:00,BTCUSDT,80429.60,80439.70,80473.84,52718.976,0.00004225
2026-05-12T14:00:01.051756+00:00,2026-05-12T14:00:00+00:00,ETHUSDT,2270.59,2270.92,2272.03,812195.62,-0.00001162
2026-05-12T14:00:01.164352+00:00,2026-05-12T14:00:00+00:00,SOLUSDT,94.690,94.680,94.711,7541355.3,0.0001
2026-05-12T14:00:01.269528+00:00,2026-05-12T14:00:00+00:00,XRPUSDT,1.4337,1.4337,1.4346,178765237.2,0.00002928
2026-05-12T14:00:01.381062+00:00,2026-05-12T14:00:00+00:00,ADAUSDT,0.2717,0.2717,0.2719,262704353,-0.00008699
2026-05-12T14:00:01.506068+00:00,2026-05-12T14:00:00+00:00,DOGEUSDT,0.10841,0.10842,0.10848,1586705880,0.00003221
2026-05-12T14:00:01.616064+00:00,2026-05-12T14:00:00+00:00,LINKUSDT,10.234,10.237,10.240,6871087.5,0.00000636
2026-05-12T14:00:01.729290+00:00,2026-05-12T14:00:00+00:00,AVAXUSDT,9.786,9.789,9.795,6555886.1,0.00000619
2026-05-12T14:00:01.845752+00:00,2026-05-12T14:00:00+00:00,BNBUSDT,656.50,656.70,657.20,153554.57,-0.00008973
2026-05-12T14:00:01.963025+00:00,2026-05-12T14:00:00+00:00,LTCUSDT,57.29,57.30,57.32,993631.6,0.00006964
2026-05-12T14:00:02.074387+00:00,2026-05-12T14:00:00+00:00,BCHUSDT,438.80,438.80,439.02,112225.87,0.00006529
2026-05-12T14:00:02.189965+00:00,2026-05-12T14:00:00+00:00,APTUSDT,1.0697,1.0702,1.0715,18816024.3,0.0001
2026-05-12T14:00:02.304961+00:00,2026-05-12T14:00:00+00:00,ARBUSDT,0.13645,0.13648,0.13656,281468118.6,-0.00007214
2026-05-12T14:00:02.420446+00:00,2026-05-12T14:00:00+00:00,OPUSDT,0.15200,0.15204,0.15217,117417923.7,-0.00014043
2026-05-12T14:00:02.535283+00:00,2026-05-12T14:00:00+00:00,SUIUSDT,1.24790,1.24840,1.24832,71835120,0.0001
2026-05-12T14:00:02.651877+00:00,2026-05-12T14:00:00+00:00,POLUSDT,0.10035,0.10036,0.10047,157467343,0.00003992
2026-05-12T14:00:02.766636+00:00,2026-05-12T14:00:00+00:00,NEARUSDT,1.5286,1.5288,1.5304,43296157.7,0.0000285
2026-05-12T14:00:02.869851+00:00,2026-05-12T14:00:00+00:00,DOTUSDT,1.3190,1.3197,1.3205,15553707.4,0.00001859
2026-05-12T14:00:02.981678+00:00,2026-05-12T14:00:00+00:00,TRXUSDT,0.34757,0.34757,0.34790,112600832,0.00000257
2026-05-12T15:00:01.244715+00:00,2026-05-12T15:00:00+00:00,BTCUSDT,80500.10,80503.30,80539.23,52886.109,0.00003451
2026-05-12T15:00:01.431793+00:00,2026-05-12T15:00:00+00:00,ETHUSDT,2267.43,2267.70,2268.86,814714.72,-0.00001167
2026-05-12T15:00:01.646195+00:00,2026-05-12T15:00:00+00:00,SOLUSDT,94.500,94.511,94.546,7495126.4,0.0001
2026-05-12T15:00:01.764702+00:00,2026-05-12T15:00:00+00:00,XRPUSDT,1.4267,1.4270,1.4275,178444813.3,0.00000702
2026-05-12T15:00:01.872417+00:00,2026-05-12T15:00:00+00:00,ADAUSDT,0.2691,0.2691,0.2693,261807796,-0.00008592
2026-05-12T15:00:01.981150+00:00,2026-05-12T15:00:00+00:00,DOGEUSDT,0.10877,0.10877,0.10882,1584901245,0.0000357
2026-05-12T15:00:02.085396+00:00,2026-05-12T15:00:00+00:00,LINKUSDT,10.195,10.196,10.200,6813049.8,0.00005761
2026-05-12T15:00:02.190223+00:00,2026-05-12T15:00:00+00:00,AVAXUSDT,9.732,9.732,9.740,6493507.4,-0.00001682
2026-05-12T15:00:02.321711+00:00,2026-05-12T15:00:00+00:00,BNBUSDT,653.50,653.50,653.98,150632.83,-0.00011156
2026-05-12T15:00:02.431457+00:00,2026-05-12T15:00:00+00:00,LTCUSDT,57.18,57.19,57.22,985791.6,0.00009094
2026-05-12T15:00:02.540645+00:00,2026-05-12T15:00:00+00:00,BCHUSDT,439.20,439.20,439.51,112218.71,0.00005609
2026-05-12T15:00:02.651164+00:00,2026-05-12T15:00:00+00:00,APTUSDT,1.0653,1.0653,1.0659,18994106.1,0.0001
2026-05-12T15:00:02.763398+00:00,2026-05-12T15:00:00+00:00,ARBUSDT,0.13539,0.13539,0.13546,275701226.4,-0.00011139
2026-05-12T15:00:02.879059+00:00,2026-05-12T15:00:00+00:00,OPUSDT,0.15096,0.15102,0.15116,117606483.4,-0.00012214
2026-05-12T15:00:02.999704+00:00,2026-05-12T15:00:00+00:00,SUIUSDT,1.22900,1.22941,1.23003,71431640,0.0001
2026-05-12T15:00:03.130273+00:00,2026-05-12T15:00:00+00:00,POLUSDT,0.10029,0.10029,0.10040,156495898,0.00000382
2026-05-12T15:00:03.245643+00:00,2026-05-12T15:00:00+00:00,NEARUSDT,1.5445,1.5449,1.5461,43887372.6,0.00001499
2026-05-12T15:00:03.356646+00:00,2026-05-12T15:00:00+00:00,DOTUSDT,1.3131,1.3135,1.3144,15337582.6,0.00001171
2026-05-12T15:00:03.472335+00:00,2026-05-12T15:00:00+00:00,TRXUSDT,0.34783,0.34783,0.34814,112985390,-0.00000787
2026-05-12T16:00:00.562250+00:00,2026-05-12T16:00:00+00:00,BTCUSDT,80299.80,80299.90,80338.64,53306.693,0.0001
2026-05-12T16:00:00.670983+00:00,2026-05-12T16:00:00+00:00,ETHUSDT,2260.14,2260.86,2262.10,831859.37,-0.00000882
2026-05-12T16:00:00.770082+00:00,2026-05-12T16:00:00+00:00,SOLUSDT,93.790,93.820,93.855,7248667,0.0001
2026-05-12T16:00:00.876824+00:00,2026-05-12T16:00:00+00:00,XRPUSDT,1.4231,1.4232,1.4242,177034446.2,-0.0000091
2026-05-12T16:00:00.981519+00:00,2026-05-12T16:00:00+00:00,ADAUSDT,0.2690,0.2690,0.2691,259390263,-0.00004519
2026-05-12T16:00:01.094941+00:00,2026-05-12T16:00:00+00:00,DOGEUSDT,0.10859,0.10860,0.10868,1523828450,0.00001875
2026-05-12T16:00:01.193951+00:00,2026-05-12T16:00:00+00:00,LINKUSDT,10.153,10.154,10.158,6834092,0.0000605
2026-05-12T16:00:01.299016+00:00,2026-05-12T16:00:00+00:00,AVAXUSDT,9.728,9.729,9.736,6482017,-0.00003811
2026-05-12T16:00:01.405215+00:00,2026-05-12T16:00:00+00:00,BNBUSDT,651.80,651.84,652.27,151186.14,-0.00010598
2026-05-12T16:00:01.518906+00:00,2026-05-12T16:00:00+00:00,LTCUSDT,57.24,57.24,57.28,982840.6,0.00009636
2026-05-12T16:00:01.642608+00:00,2026-05-12T16:00:00+00:00,BCHUSDT,438.20,438.20,438.56,112137.92,0.00003713
2026-05-12T16:00:01.756420+00:00,2026-05-12T16:00:00+00:00,APTUSDT,1.0661,1.0662,1.0671,19150343.16,0.0001
2026-05-12T16:00:01.866328+00:00,2026-05-12T16:00:00+00:00,ARBUSDT,0.13578,0.13577,0.13583,270751975.3,-0.00004684
2026-05-12T16:00:01.996417+00:00,2026-05-12T16:00:00+00:00,OPUSDT,0.15023,0.15028,0.15038,118507109.8,-0.0000864
2026-05-12T16:00:02.118678+00:00,2026-05-12T16:00:00+00:00,SUIUSDT,1.22650,1.22650,1.22702,71461600,0.0001
2026-05-12T16:00:02.240003+00:00,2026-05-12T16:00:00+00:00,POLUSDT,0.09885,0.09893,0.09907,156347236,0.00005
2026-05-12T16:00:02.351877+00:00,2026-05-12T16:00:00+00:00,NEARUSDT,1.5496,1.5496,1.5507,44799773.3,-0.00003068
2026-05-12T16:00:02.463226+00:00,2026-05-12T16:00:00+00:00,DOTUSDT,1.3104,1.3105,1.3116,15318608.6,0.00002472
2026-05-12T16:00:02.576993+00:00,2026-05-12T16:00:00+00:00,TRXUSDT,0.34793,0.34793,0.34813,113366828,-0.00001796
